id,Personality
18524,Introvert
18525,Extrovert
18526,Introvert
18527,Introvert
18528,Extrovert
18529,Introvert
18530,Introvert
18531,Extrovert
18532,Introvert
18533,Extrovert
18534,Introvert
18535,Introvert
18536,Extrovert
18537,Introvert
18538,Extrovert
18539,Introvert
18540,Introvert
18541,Introvert
18542,Extrovert
18543,Introvert
18544,Extrovert
18545,Extrovert
18546,Introvert
18547,Extrovert
18548,Introvert
18549,Introvert
18550,Introvert
18551,Introvert
18552,Extrovert
18553,Extrovert
18554,Introvert
18555,Introvert
18556,Extrovert
18557,Introvert
18558,Introvert
18559,Introvert
18560,Introvert
18561,Introvert
18562,Introvert
18563,Introvert
18564,Extrovert
18565,Extrovert
18566,Extrovert
18567,Extrovert
18568,Introvert
18569,Extrovert
18570,Introvert
18571,Extrovert
18572,Introvert
18573,Introvert
18574,Extrovert
18575,Introvert
18576,Introvert
18577,Introvert
18578,Introvert
18579,Introvert
18580,Introvert
18581,Introvert
18582,Extrovert
18583,Introvert
18584,Introvert
18585,Introvert
18586,Introvert
18587,Introvert
18588,Introvert
18589,Introvert
18590,Introvert
18591,Extrovert
18592,Introvert
18593,Introvert
18594,Extrovert
18595,Extrovert
18596,Introvert
18597,Introvert
18598,Introvert
18599,Introvert
18600,Introvert
18601,Introvert
18602,Introvert
18603,Introvert
18604,Introvert
18605,Introvert
18606,Introvert
18607,Introvert
18608,Introvert
18609,Introvert
18610,Introvert
18611,Extrovert
18612,Introvert
18613,Extrovert
18614,Introvert
18615,Extrovert
18616,Introvert
18617,Introvert
18618,Introvert
18619,Introvert
18620,Introvert
18621,Introvert
18622,Introvert
18623,Extrovert
18624,Extrovert
18625,Introvert
18626,Introvert
18627,Introvert
18628,Extrovert
18629,Introvert
18630,Introvert
18631,Introvert
18632,Introvert
18633,Extrovert
18634,Introvert
18635,Introvert
18636,Extrovert
18637,Extrovert
18638,Introvert
18639,Introvert
18640,Introvert
18641,Introvert
18642,Introvert
18643,Extrovert
18644,Introvert
18645,Extrovert
18646,Introvert
18647,Introvert
18648,Introvert
18649,Extrovert
18650,Introvert
18651,Introvert
18652,Introvert
18653,Introvert
18654,Extrovert
18655,Introvert
18656,Introvert
18657,Introvert
18658,Introvert
18659,Introvert
18660,Extrovert
18661,Extrovert
18662,Introvert
18663,Extrovert
18664,Introvert
18665,Introvert
18666,Introvert
18667,Introvert
18668,Introvert
18669,Introvert
18670,Extrovert
18671,Introvert
18672,Extrovert
18673,Extrovert
18674,Introvert
18675,Introvert
18676,Introvert
18677,Introvert
18678,Introvert
18679,Introvert
18680,Introvert
18681,Extrovert
18682,Introvert
18683,Introvert
18684,Introvert
18685,Extrovert
18686,Introvert
18687,Introvert
18688,Extrovert
18689,Introvert
18690,Introvert
18691,Introvert
18692,Introvert
18693,Extrovert
18694,Introvert
18695,Introvert
18696,Extrovert
18697,Extrovert
18698,Extrovert
18699,Extrovert
18700,Introvert
18701,Extrovert
18702,Introvert
18703,Introvert
18704,Introvert
18705,Extrovert
18706,Introvert
18707,Extrovert
18708,Introvert
18709,Introvert
18710,Introvert
18711,Extrovert
18712,Introvert
18713,Introvert
18714,Introvert
18715,Introvert
18716,Introvert
18717,Introvert
18718,Extrovert
18719,Extrovert
18720,Extrovert
18721,Introvert
18722,Introvert
18723,Introvert
18724,Extrovert
18725,Extrovert
18726,Introvert
18727,Introvert
18728,Extrovert
18729,Extrovert
18730,Introvert
18731,Introvert
18732,Introvert
18733,Introvert
18734,Extrovert
18735,Introvert
18736,Introvert
18737,Introvert
18738,Extrovert
18739,Introvert
18740,Introvert
18741,Introvert
18742,Introvert
18743,Introvert
18744,Introvert
18745,Extrovert
18746,Extrovert
18747,Extrovert
18748,Introvert
18749,Introvert
18750,Introvert
18751,Introvert
18752,Introvert
18753,Introvert
18754,Introvert
18755,Extrovert
18756,Introvert
18757,Introvert
18758,Extrovert
18759,Introvert
18760,Introvert
18761,Introvert
18762,Introvert
18763,Introvert
18764,Introvert
18765,Extrovert
18766,Extrovert
18767,Introvert
18768,Introvert
18769,Extrovert
18770,Introvert
18771,Introvert
18772,Introvert
18773,Introvert
18774,Introvert
18775,Introvert
18776,Introvert
18777,Extrovert
18778,Introvert
18779,Introvert
18780,Introvert
18781,Introvert
18782,Introvert
18783,Introvert
18784,Introvert
18785,Introvert
18786,Introvert
18787,Extrovert
18788,Extrovert
18789,Introvert
18790,Extrovert
18791,Introvert
18792,Introvert
18793,Introvert
18794,Introvert
18795,Introvert
18796,Introvert
18797,Introvert
18798,Introvert
18799,Extrovert
18800,Introvert
18801,Extrovert
18802,Introvert
18803,Introvert
18804,Extrovert
18805,Extrovert
18806,Introvert
18807,Introvert
18808,Introvert
18809,Introvert
18810,Introvert
18811,Introvert
18812,Introvert
18813,Introvert
18814,Introvert
18815,Introvert
18816,Extrovert
18817,Introvert
18818,Introvert
18819,Introvert
18820,Introvert
18821,Introvert
18822,Extrovert
18823,Introvert
18824,Introvert
18825,Introvert
18826,Introvert
18827,Introvert
18828,Introvert
18829,Introvert
18830,Introvert
18831,Extrovert
18832,Introvert
18833,Introvert
18834,Introvert
18835,Extrovert
18836,Introvert
18837,Introvert
18838,Introvert
18839,Introvert
18840,Extrovert
18841,Introvert
18842,Extrovert
18843,Introvert
18844,Introvert
18845,Extrovert
18846,Introvert
18847,Introvert
18848,Introvert
18849,Introvert
18850,Extrovert
18851,Introvert
18852,Introvert
18853,Introvert
18854,Introvert
18855,Introvert
18856,Introvert
18857,Extrovert
18858,Introvert
18859,Introvert
18860,Introvert
18861,Introvert
18862,Introvert
18863,Introvert
18864,Extrovert
18865,Introvert
18866,Introvert
18867,Introvert
18868,Introvert
18869,Introvert
18870,Introvert
18871,Introvert
18872,Extrovert
18873,Introvert
18874,Extrovert
18875,Introvert
18876,Introvert
18877,Introvert
18878,Introvert
18879,Extrovert
18880,Introvert
18881,Introvert
18882,Introvert
18883,Extrovert
18884,Introvert
18885,Extrovert
18886,Introvert
18887,Extrovert
18888,Introvert
18889,Introvert
18890,Extrovert
18891,Introvert
18892,Introvert
18893,Introvert
18894,Introvert
18895,Introvert
18896,Introvert
18897,Introvert
18898,Introvert
18899,Introvert
18900,Introvert
18901,Introvert
18902,Extrovert
18903,Introvert
18904,Extrovert
18905,Introvert
18906,Extrovert
18907,Introvert
18908,Extrovert
18909,Extrovert
18910,Introvert
18911,Extrovert
18912,Introvert
18913,Introvert
18914,Introvert
18915,Introvert
18916,Introvert
18917,Introvert
18918,Introvert
18919,Extrovert
18920,Introvert
18921,Extrovert
18922,Introvert
18923,Extrovert
18924,Introvert
18925,Extrovert
18926,Extrovert
18927,Extrovert
18928,Extrovert
18929,Introvert
18930,Introvert
18931,Introvert
18932,Extrovert
18933,Extrovert
18934,Introvert
18935,Introvert
18936,Introvert
18937,Introvert
18938,Introvert
18939,Extrovert
18940,Introvert
18941,Extrovert
18942,Introvert
18943,Extrovert
18944,Extrovert
18945,Introvert
18946,Introvert
18947,Extrovert
18948,Introvert
18949,Extrovert
18950,Introvert
18951,Introvert
18952,Extrovert
18953,Extrovert
18954,Introvert
18955,Introvert
18956,Extrovert
18957,Extrovert
18958,Introvert
18959,Introvert
18960,Introvert
18961,Introvert
18962,Introvert
18963,Extrovert
18964,Introvert
18965,Introvert
18966,Extrovert
18967,Introvert
18968,Introvert
18969,Introvert
18970,Introvert
18971,Extrovert
18972,Extrovert
18973,Extrovert
18974,Introvert
18975,Introvert
18976,Introvert
18977,Introvert
18978,Introvert
18979,Introvert
18980,Introvert
18981,Extrovert
18982,Extrovert
18983,Extrovert
18984,Extrovert
18985,Introvert
18986,Introvert
18987,Introvert
18988,Introvert
18989,Introvert
18990,Introvert
18991,Introvert
18992,Introvert
18993,Extrovert
18994,Introvert
18995,Introvert
18996,Introvert
18997,Introvert
18998,Extrovert
18999,Extrovert
19000,Introvert
19001,Introvert
19002,Introvert
19003,Extrovert
19004,Introvert
19005,Introvert
19006,Introvert
19007,Extrovert
19008,Introvert
19009,Introvert
19010,Introvert
19011,Extrovert
19012,Introvert
19013,Introvert
19014,Introvert
19015,Introvert
19016,Introvert
19017,Extrovert
19018,Introvert
19019,Extrovert
19020,Introvert
19021,Introvert
19022,Introvert
19023,Introvert
19024,Introvert
19025,Introvert
19026,Introvert
19027,Introvert
19028,Introvert
19029,Introvert
19030,Extrovert
19031,Introvert
19032,Extrovert
19033,Introvert
19034,Introvert
19035,Introvert
19036,Introvert
19037,Extrovert
19038,Extrovert
19039,Introvert
19040,Introvert
19041,Introvert
19042,Extrovert
19043,Extrovert
19044,Introvert
19045,Introvert
19046,Introvert
19047,Introvert
19048,Introvert
19049,Extrovert
19050,Introvert
19051,Extrovert
19052,Introvert
19053,Introvert
19054,Extrovert
19055,Extrovert
19056,Introvert
19057,Introvert
19058,Introvert
19059,Introvert
19060,Introvert
19061,Introvert
19062,Introvert
19063,Introvert
19064,Introvert
19065,Introvert
19066,Extrovert
19067,Introvert
19068,Introvert
19069,Introvert
19070,Introvert
19071,Introvert
19072,Extrovert
19073,Introvert
19074,Introvert
19075,Introvert
19076,Introvert
19077,Introvert
19078,Introvert
19079,Introvert
19080,Introvert
19081,Introvert
19082,Introvert
19083,Introvert
19084,Introvert
19085,Introvert
19086,Introvert
19087,Extrovert
19088,Introvert
19089,Extrovert
19090,Introvert
19091,Introvert
19092,Extrovert
19093,Introvert
19094,Introvert
19095,Introvert
19096,Extrovert
19097,Extrovert
19098,Extrovert
19099,Introvert
19100,Introvert
19101,Introvert
19102,Introvert
19103,Introvert
19104,Introvert
19105,Extrovert
19106,Extrovert
19107,Introvert
19108,Introvert
19109,Introvert
19110,Introvert
19111,Introvert
19112,Extrovert
19113,Introvert
19114,Introvert
19115,Introvert
19116,Introvert
19117,Introvert
19118,Introvert
19119,Extrovert
19120,Extrovert
19121,Introvert
19122,Extrovert
19123,Introvert
19124,Introvert
19125,Introvert
19126,Introvert
19127,Introvert
19128,Introvert
19129,Introvert
19130,Introvert
19131,Introvert
19132,Introvert
19133,Extrovert
19134,Introvert
19135,Extrovert
19136,Introvert
19137,Introvert
19138,Introvert
19139,Introvert
19140,Introvert
19141,Introvert
19142,Extrovert
19143,Extrovert
19144,Introvert
19145,Introvert
19146,Introvert
19147,Introvert
19148,Introvert
19149,Introvert
19150,Introvert
19151,Introvert
19152,Introvert
19153,Introvert
19154,Introvert
19155,Extrovert
19156,Introvert
19157,Introvert
19158,Extrovert
19159,Introvert
19160,Introvert
19161,Introvert
19162,Introvert
19163,Introvert
19164,Introvert
19165,Introvert
19166,Introvert
19167,Introvert
19168,Introvert
19169,Introvert
19170,Extrovert
19171,Introvert
19172,Introvert
19173,Extrovert
19174,Introvert
19175,Introvert
19176,Extrovert
19177,Extrovert
19178,Introvert
19179,Extrovert
19180,Extrovert
19181,Extrovert
19182,Introvert
19183,Introvert
19184,Extrovert
19185,Extrovert
19186,Introvert
19187,Introvert
19188,Introvert
19189,Introvert
19190,Extrovert
19191,Introvert
19192,Introvert
19193,Extrovert
19194,Introvert
19195,Introvert
19196,Introvert
19197,Introvert
19198,Introvert
19199,Extrovert
19200,Introvert
19201,Introvert
19202,Introvert
19203,Introvert
19204,Introvert
19205,Introvert
19206,Extrovert
19207,Extrovert
19208,Introvert
19209,Introvert
19210,Extrovert
19211,Introvert
19212,Introvert
19213,Introvert
19214,Introvert
19215,Introvert
19216,Introvert
19217,Introvert
19218,Extrovert
19219,Introvert
19220,Introvert
19221,Introvert
19222,Introvert
19223,Introvert
19224,Introvert
19225,Extrovert
19226,Introvert
19227,Introvert
19228,Extrovert
19229,Introvert
19230,Introvert
19231,Introvert
19232,Introvert
19233,Introvert
19234,Introvert
19235,Introvert
19236,Introvert
19237,Introvert
19238,Introvert
19239,Introvert
19240,Extrovert
19241,Introvert
19242,Introvert
19243,Introvert
19244,Extrovert
19245,Introvert
19246,Extrovert
19247,Introvert
19248,Introvert
19249,Introvert
19250,Introvert
19251,Extrovert
19252,Introvert
19253,Introvert
19254,Introvert
19255,Introvert
19256,Introvert
19257,Extrovert
19258,Introvert
19259,Introvert
19260,Introvert
19261,Introvert
19262,Introvert
19263,Introvert
19264,Introvert
19265,Introvert
19266,Extrovert
19267,Introvert
19268,Introvert
19269,Introvert
19270,Introvert
19271,Extrovert
19272,Extrovert
19273,Extrovert
19274,Extrovert
19275,Extrovert
19276,Introvert
19277,Introvert
19278,Introvert
19279,Introvert
19280,Introvert
19281,Extrovert
19282,Introvert
19283,Introvert
19284,Introvert
19285,Introvert
19286,Introvert
19287,Extrovert
19288,Introvert
19289,Extrovert
19290,Introvert
19291,Extrovert
19292,Introvert
19293,Introvert
19294,Introvert
19295,Introvert
19296,Introvert
19297,Introvert
19298,Extrovert
19299,Extrovert
19300,Introvert
19301,Introvert
19302,Introvert
19303,Extrovert
19304,Introvert
19305,Introvert
19306,Introvert
19307,Extrovert
19308,Introvert
19309,Extrovert
19310,Introvert
19311,Extrovert
19312,Introvert
19313,Introvert
19314,Introvert
19315,Extrovert
19316,Introvert
19317,Introvert
19318,Introvert
19319,Introvert
19320,Introvert
19321,Introvert
19322,Introvert
19323,Introvert
19324,Introvert
19325,Introvert
19326,Introvert
19327,Introvert
19328,Introvert
19329,Extrovert
19330,Introvert
19331,Introvert
19332,Introvert
19333,Introvert
19334,Introvert
19335,Introvert
19336,Introvert
19337,Introvert
19338,Introvert
19339,Extrovert
19340,Introvert
19341,Introvert
19342,Extrovert
19343,Introvert
19344,Introvert
19345,Introvert
19346,Introvert
19347,Introvert
19348,Introvert
19349,Introvert
19350,Introvert
19351,Introvert
19352,Introvert
19353,Introvert
19354,Introvert
19355,Extrovert
19356,Introvert
19357,Extrovert
19358,Extrovert
19359,Introvert
19360,Extrovert
19361,Introvert
19362,Introvert
19363,Introvert
19364,Introvert
19365,Extrovert
19366,Introvert
19367,Introvert
19368,Extrovert
19369,Introvert
19370,Introvert
19371,Extrovert
19372,Extrovert
19373,Introvert
19374,Introvert
19375,Introvert
19376,Extrovert
19377,Introvert
19378,Extrovert
19379,Introvert
19380,Extrovert
19381,Introvert
19382,Introvert
19383,Extrovert
19384,Introvert
19385,Extrovert
19386,Extrovert
19387,Extrovert
19388,Introvert
19389,Extrovert
19390,Extrovert
19391,Introvert
19392,Introvert
19393,Extrovert
19394,Introvert
19395,Introvert
19396,Extrovert
19397,Introvert
19398,Extrovert
19399,Introvert
19400,Introvert
19401,Introvert
19402,Introvert
19403,Introvert
19404,Introvert
19405,Extrovert
19406,Introvert
19407,Introvert
19408,Introvert
19409,Introvert
19410,Introvert
19411,Extrovert
19412,Extrovert
19413,Extrovert
19414,Introvert
19415,Introvert
19416,Introvert
19417,Extrovert
19418,Introvert
19419,Extrovert
19420,Extrovert
19421,Introvert
19422,Extrovert
19423,Introvert
19424,Introvert
19425,Introvert
19426,Introvert
19427,Introvert
19428,Extrovert
19429,Extrovert
19430,Introvert
19431,Introvert
19432,Introvert
19433,Introvert
19434,Extrovert
19435,Introvert
19436,Introvert
19437,Introvert
19438,Extrovert
19439,Extrovert
19440,Introvert
19441,Introvert
19442,Introvert
19443,Introvert
19444,Extrovert
19445,Introvert
19446,Introvert
19447,Introvert
19448,Introvert
19449,Introvert
19450,Extrovert
19451,Introvert
19452,Introvert
19453,Introvert
19454,Introvert
19455,Introvert
19456,Extrovert
19457,Introvert
19458,Introvert
19459,Introvert
19460,Introvert
19461,Introvert
19462,Extrovert
19463,Introvert
19464,Introvert
19465,Introvert
19466,Introvert
19467,Extrovert
19468,Introvert
19469,Extrovert
19470,Introvert
19471,Extrovert
19472,Extrovert
19473,Extrovert
19474,Introvert
19475,Extrovert
19476,Introvert
19477,Introvert
19478,Introvert
19479,Extrovert
19480,Introvert
19481,Introvert
19482,Extrovert
19483,Extrovert
19484,Introvert
19485,Introvert
19486,Introvert
19487,Introvert
19488,Introvert
19489,Introvert
19490,Introvert
19491,Introvert
19492,Introvert
19493,Introvert
19494,Introvert
19495,Introvert
19496,Introvert
19497,Introvert
19498,Introvert
19499,Introvert
19500,Introvert
19501,Introvert
19502,Extrovert
19503,Extrovert
19504,Introvert
19505,Introvert
19506,Introvert
19507,Extrovert
19508,Extrovert
19509,Introvert
19510,Introvert
19511,Introvert
19512,Introvert
19513,Extrovert
19514,Introvert
19515,Introvert
19516,Introvert
19517,Introvert
19518,Introvert
19519,Extrovert
19520,Introvert
19521,Introvert
19522,Introvert
19523,Introvert
19524,Introvert
19525,Introvert
19526,Introvert
19527,Introvert
19528,Introvert
19529,Extrovert
19530,Extrovert
19531,Extrovert
19532,Extrovert
19533,Introvert
19534,Introvert
19535,Introvert
19536,Introvert
19537,Introvert
19538,Introvert
19539,Introvert
19540,Extrovert
19541,Introvert
19542,Introvert
19543,Introvert
19544,Introvert
19545,Extrovert
19546,Extrovert
19547,Introvert
19548,Introvert
19549,Introvert
19550,Introvert
19551,Introvert
19552,Introvert
19553,Introvert
19554,Introvert
19555,Introvert
19556,Introvert
19557,Introvert
19558,Extrovert
19559,Extrovert
19560,Introvert
19561,Introvert
19562,Introvert
19563,Extrovert
19564,Introvert
19565,Introvert
19566,Introvert
19567,Extrovert
19568,Extrovert
19569,Extrovert
19570,Introvert
19571,Extrovert
19572,Introvert
19573,Introvert
19574,Introvert
19575,Introvert
19576,Introvert
19577,Introvert
19578,Introvert
19579,Extrovert
19580,Introvert
19581,Introvert
19582,Extrovert
19583,Introvert
19584,Extrovert
19585,Introvert
19586,Extrovert
19587,Introvert
19588,Introvert
19589,Introvert
19590,Introvert
19591,Introvert
19592,Introvert
19593,Introvert
19594,Introvert
19595,Introvert
19596,Extrovert
19597,Introvert
19598,Extrovert
19599,Introvert
19600,Introvert
19601,Introvert
19602,Introvert
19603,Introvert
19604,Introvert
19605,Introvert
19606,Introvert
19607,Introvert
19608,Introvert
19609,Introvert
19610,Introvert
19611,Introvert
19612,Introvert
19613,Introvert
19614,Introvert
19615,Extrovert
19616,Introvert
19617,Introvert
19618,Introvert
19619,Introvert
19620,Introvert
19621,Introvert
19622,Introvert
19623,Introvert
19624,Introvert
19625,Introvert
19626,Introvert
19627,Introvert
19628,Introvert
19629,Extrovert
19630,Introvert
19631,Introvert
19632,Introvert
19633,Introvert
19634,Extrovert
19635,Introvert
19636,Extrovert
19637,Introvert
19638,Introvert
19639,Extrovert
19640,Introvert
19641,Introvert
19642,Extrovert
19643,Introvert
19644,Introvert
19645,Extrovert
19646,Extrovert
19647,Extrovert
19648,Introvert
19649,Introvert
19650,Introvert
19651,Introvert
19652,Introvert
19653,Introvert
19654,Introvert
19655,Introvert
19656,Introvert
19657,Introvert
19658,Introvert
19659,Extrovert
19660,Introvert
19661,Extrovert
19662,Extrovert
19663,Extrovert
19664,Extrovert
19665,Introvert
19666,Introvert
19667,Introvert
19668,Extrovert
19669,Introvert
19670,Introvert
19671,Introvert
19672,Introvert
19673,Introvert
19674,Introvert
19675,Introvert
19676,Introvert
19677,Introvert
19678,Introvert
19679,Introvert
19680,Introvert
19681,Introvert
19682,Introvert
19683,Introvert
19684,Introvert
19685,Introvert
19686,Introvert
19687,Introvert
19688,Introvert
19689,Introvert
19690,Introvert
19691,Extrovert
19692,Introvert
19693,Extrovert
19694,Introvert
19695,Introvert
19696,Introvert
19697,Introvert
19698,Introvert
19699,Extrovert
19700,Introvert
19701,Introvert
19702,Introvert
19703,Extrovert
19704,Introvert
19705,Introvert
19706,Introvert
19707,Introvert
19708,Introvert
19709,Introvert
19710,Introvert
19711,Extrovert
19712,Introvert
19713,Extrovert
19714,Introvert
19715,Introvert
19716,Introvert
19717,Introvert
19718,Introvert
19719,Introvert
19720,Introvert
19721,Introvert
19722,Introvert
19723,Introvert
19724,Extrovert
19725,Extrovert
19726,Introvert
19727,Introvert
19728,Introvert
19729,Extrovert
19730,Introvert
19731,Extrovert
19732,Extrovert
19733,Introvert
19734,Introvert
19735,Introvert
19736,Extrovert
19737,Introvert
19738,Extrovert
19739,Introvert
19740,Introvert
19741,Extrovert
19742,Introvert
19743,Introvert
19744,Introvert
19745,Introvert
19746,Extrovert
19747,Introvert
19748,Introvert
19749,Introvert
19750,Introvert
19751,Extrovert
19752,Introvert
19753,Introvert
19754,Introvert
19755,Introvert
19756,Introvert
19757,Introvert
19758,Introvert
19759,Introvert
19760,Extrovert
19761,Introvert
19762,Extrovert
19763,Introvert
19764,Extrovert
19765,Introvert
19766,Introvert
19767,Introvert
19768,Extrovert
19769,Introvert
19770,Introvert
19771,Extrovert
19772,Introvert
19773,Extrovert
19774,Introvert
19775,Introvert
19776,Introvert
19777,Introvert
19778,Introvert
19779,Extrovert
19780,Extrovert
19781,Introvert
19782,Extrovert
19783,Extrovert
19784,Introvert
19785,Introvert
19786,Extrovert
19787,Extrovert
19788,Introvert
19789,Introvert
19790,Extrovert
19791,Introvert
19792,Introvert
19793,Extrovert
19794,Introvert
19795,Introvert
19796,Extrovert
19797,Introvert
19798,Extrovert
19799,Introvert
19800,Introvert
19801,Introvert
19802,Introvert
19803,Introvert
19804,Extrovert
19805,Introvert
19806,Introvert
19807,Introvert
19808,Introvert
19809,Introvert
19810,Introvert
19811,Introvert
19812,Introvert
19813,Introvert
19814,Introvert
19815,Introvert
19816,Extrovert
19817,Introvert
19818,Introvert
19819,Introvert
19820,Introvert
19821,Introvert
19822,Introvert
19823,Introvert
19824,Introvert
19825,Introvert
19826,Extrovert
19827,Introvert
19828,Extrovert
19829,Introvert
19830,Introvert
19831,Introvert
19832,Introvert
19833,Introvert
19834,Introvert
19835,Introvert
19836,Introvert
19837,Introvert
19838,Extrovert
19839,Introvert
19840,Introvert
19841,Extrovert
19842,Introvert
19843,Extrovert
19844,Introvert
19845,Introvert
19846,Introvert
19847,Extrovert
19848,Introvert
19849,Extrovert
19850,Introvert
19851,Introvert
19852,Introvert
19853,Extrovert
19854,Introvert
19855,Introvert
19856,Extrovert
19857,Extrovert
19858,Introvert
19859,Extrovert
19860,Extrovert
19861,Introvert
19862,Introvert
19863,Introvert
19864,Extrovert
19865,Introvert
19866,Introvert
19867,Introvert
19868,Introvert
19869,Extrovert
19870,Introvert
19871,Introvert
19872,Introvert
19873,Introvert
19874,Extrovert
19875,Extrovert
19876,Introvert
19877,Extrovert
19878,Extrovert
19879,Extrovert
19880,Introvert
19881,Extrovert
19882,Introvert
19883,Introvert
19884,Extrovert
19885,Introvert
19886,Extrovert
19887,Introvert
19888,Introvert
19889,Introvert
19890,Extrovert
19891,Introvert
19892,Introvert
19893,Introvert
19894,Introvert
19895,Introvert
19896,Introvert
19897,Introvert
19898,Introvert
19899,Introvert
19900,Introvert
19901,Introvert
19902,Introvert
19903,Introvert
19904,Introvert
19905,Introvert
19906,Introvert
19907,Introvert
19908,Introvert
19909,Introvert
19910,Extrovert
19911,Introvert
19912,Introvert
19913,Introvert
19914,Introvert
19915,Introvert
19916,Introvert
19917,Introvert
19918,Introvert
19919,Extrovert
19920,Introvert
19921,Introvert
19922,Introvert
19923,Introvert
19924,Extrovert
19925,Introvert
19926,Introvert
19927,Introvert
19928,Extrovert
19929,Extrovert
19930,Introvert
19931,Introvert
19932,Extrovert
19933,Introvert
19934,Introvert
19935,Extrovert
19936,Extrovert
19937,Introvert
19938,Introvert
19939,Extrovert
19940,Introvert
19941,Introvert
19942,Introvert
19943,Introvert
19944,Extrovert
19945,Extrovert
19946,Extrovert
19947,Extrovert
19948,Introvert
19949,Introvert
19950,Introvert
19951,Introvert
19952,Introvert
19953,Introvert
19954,Introvert
19955,Introvert
19956,Extrovert
19957,Introvert
19958,Introvert
19959,Extrovert
19960,Extrovert
19961,Introvert
19962,Introvert
19963,Introvert
19964,Introvert
19965,Introvert
19966,Introvert
19967,Introvert
19968,Introvert
19969,Introvert
19970,Introvert
19971,Introvert
19972,Extrovert
19973,Introvert
19974,Introvert
19975,Introvert
19976,Introvert
19977,Introvert
19978,Extrovert
19979,Introvert
19980,Introvert
19981,Introvert
19982,Introvert
19983,Introvert
19984,Introvert
19985,Introvert
19986,Extrovert
19987,Introvert
19988,Extrovert
19989,Introvert
19990,Introvert
19991,Introvert
19992,Introvert
19993,Introvert
19994,Extrovert
19995,Introvert
19996,Introvert
19997,Extrovert
19998,Introvert
19999,Extrovert
20000,Extrovert
20001,Extrovert
20002,Introvert
20003,Introvert
20004,Extrovert
20005,Introvert
20006,Introvert
20007,Introvert
20008,Introvert
20009,Extrovert
20010,Introvert
20011,Extrovert
20012,Introvert
20013,Introvert
20014,Introvert
20015,Extrovert
20016,Extrovert
20017,Introvert
20018,Extrovert
20019,Extrovert
20020,Extrovert
20021,Introvert
20022,Introvert
20023,Introvert
20024,Introvert
20025,Introvert
20026,Introvert
20027,Introvert
20028,Introvert
20029,Introvert
20030,Introvert
20031,Introvert
20032,Introvert
20033,Extrovert
20034,Introvert
20035,Introvert
20036,Extrovert
20037,Introvert
20038,Introvert
20039,Introvert
20040,Introvert
20041,Introvert
20042,Introvert
20043,Introvert
20044,Introvert
20045,Extrovert
20046,Extrovert
20047,Extrovert
20048,Extrovert
20049,Extrovert
20050,Introvert
20051,Extrovert
20052,Introvert
20053,Introvert
20054,Extrovert
20055,Introvert
20056,Introvert
20057,Extrovert
20058,Introvert
20059,Extrovert
20060,Introvert
20061,Introvert
20062,Introvert
20063,Introvert
20064,Extrovert
20065,Introvert
20066,Introvert
20067,Extrovert
20068,Extrovert
20069,Extrovert
20070,Introvert
20071,Extrovert
20072,Extrovert
20073,Introvert
20074,Introvert
20075,Extrovert
20076,Introvert
20077,Introvert
20078,Introvert
20079,Introvert
20080,Introvert
20081,Introvert
20082,Introvert
20083,Extrovert
20084,Extrovert
20085,Extrovert
20086,Introvert
20087,Extrovert
20088,Introvert
20089,Introvert
20090,Introvert
20091,Introvert
20092,Extrovert
20093,Extrovert
20094,Introvert
20095,Introvert
20096,Extrovert
20097,Introvert
20098,Extrovert
20099,Introvert
20100,Introvert
20101,Introvert
20102,Introvert
20103,Extrovert
20104,Introvert
20105,Introvert
20106,Introvert
20107,Extrovert
20108,Introvert
20109,Introvert
20110,Introvert
20111,Extrovert
20112,Extrovert
20113,Introvert
20114,Introvert
20115,Introvert
20116,Introvert
20117,Extrovert
20118,Introvert
20119,Extrovert
20120,Extrovert
20121,Introvert
20122,Introvert
20123,Introvert
20124,Introvert
20125,Introvert
20126,Extrovert
20127,Extrovert
20128,Extrovert
20129,Introvert
20130,Extrovert
20131,Introvert
20132,Introvert
20133,Introvert
20134,Introvert
20135,Extrovert
20136,Introvert
20137,Introvert
20138,Introvert
20139,Extrovert
20140,Introvert
20141,Extrovert
20142,Introvert
20143,Extrovert
20144,Extrovert
20145,Extrovert
20146,Extrovert
20147,Extrovert
20148,Introvert
20149,Introvert
20150,Introvert
20151,Introvert
20152,Extrovert
20153,Extrovert
20154,Introvert
20155,Introvert
20156,Introvert
20157,Introvert
20158,Extrovert
20159,Extrovert
20160,Introvert
20161,Introvert
20162,Introvert
20163,Introvert
20164,Introvert
20165,Introvert
20166,Introvert
20167,Introvert
20168,Introvert
20169,Extrovert
20170,Extrovert
20171,Introvert
20172,Introvert
20173,Introvert
20174,Introvert
20175,Introvert
20176,Introvert
20177,Introvert
20178,Introvert
20179,Introvert
20180,Introvert
20181,Introvert
20182,Extrovert
20183,Introvert
20184,Introvert
20185,Extrovert
20186,Introvert
20187,Introvert
20188,Introvert
20189,Introvert
20190,Extrovert
20191,Introvert
20192,Introvert
20193,Introvert
20194,Extrovert
20195,Introvert
20196,Introvert
20197,Introvert
20198,Introvert
20199,Introvert
20200,Introvert
20201,Introvert
20202,Introvert
20203,Introvert
20204,Introvert
20205,Extrovert
20206,Introvert
20207,Introvert
20208,Introvert
20209,Introvert
20210,Introvert
20211,Extrovert
20212,Introvert
20213,Extrovert
20214,Extrovert
20215,Introvert
20216,Introvert
20217,Introvert
20218,Introvert
20219,Introvert
20220,Extrovert
20221,Introvert
20222,Introvert
20223,Introvert
20224,Extrovert
20225,Introvert
20226,Introvert
20227,Introvert
20228,Introvert
20229,Introvert
20230,Introvert
20231,Extrovert
20232,Extrovert
20233,Introvert
20234,Introvert
20235,Introvert
20236,Introvert
20237,Introvert
20238,Introvert
20239,Introvert
20240,Extrovert
20241,Introvert
20242,Introvert
20243,Introvert
20244,Extrovert
20245,Introvert
20246,Introvert
20247,Introvert
20248,Introvert
20249,Extrovert
20250,Introvert
20251,Introvert
20252,Extrovert
20253,Introvert
20254,Introvert
20255,Introvert
20256,Introvert
20257,Introvert
20258,Introvert
20259,Introvert
20260,Extrovert
20261,Introvert
20262,Introvert
20263,Introvert
20264,Introvert
20265,Introvert
20266,Introvert
20267,Extrovert
20268,Introvert
20269,Introvert
20270,Introvert
20271,Introvert
20272,Extrovert
20273,Introvert
20274,Introvert
20275,Introvert
20276,Introvert
20277,Extrovert
20278,Introvert
20279,Extrovert
20280,Introvert
20281,Introvert
20282,Introvert
20283,Introvert
20284,Introvert
20285,Introvert
20286,Introvert
20287,Extrovert
20288,Extrovert
20289,Extrovert
20290,Introvert
20291,Introvert
20292,Introvert
20293,Extrovert
20294,Introvert
20295,Introvert
20296,Introvert
20297,Introvert
20298,Introvert
20299,Introvert
20300,Introvert
20301,Introvert
20302,Introvert
20303,Introvert
20304,Introvert
20305,Introvert
20306,Extrovert
20307,Introvert
20308,Extrovert
20309,Introvert
20310,Introvert
20311,Extrovert
20312,Introvert
20313,Introvert
20314,Introvert
20315,Introvert
20316,Introvert
20317,Introvert
20318,Introvert
20319,Introvert
20320,Introvert
20321,Extrovert
20322,Introvert
20323,Introvert
20324,Introvert
20325,Extrovert
20326,Extrovert
20327,Introvert
20328,Introvert
20329,Introvert
20330,Introvert
20331,Introvert
20332,Introvert
20333,Introvert
20334,Introvert
20335,Introvert
20336,Introvert
20337,Introvert
20338,Introvert
20339,Extrovert
20340,Introvert
20341,Introvert
20342,Introvert
20343,Introvert
20344,Introvert
20345,Introvert
20346,Introvert
20347,Introvert
20348,Extrovert
20349,Introvert
20350,Introvert
20351,Introvert
20352,Introvert
20353,Introvert
20354,Introvert
20355,Extrovert
20356,Introvert
20357,Introvert
20358,Extrovert
20359,Introvert
20360,Introvert
20361,Extrovert
20362,Introvert
20363,Introvert
20364,Introvert
20365,Introvert
20366,Extrovert
20367,Introvert
20368,Introvert
20369,Introvert
20370,Introvert
20371,Extrovert
20372,Introvert
20373,Extrovert
20374,Introvert
20375,Introvert
20376,Introvert
20377,Introvert
20378,Extrovert
20379,Introvert
20380,Introvert
20381,Introvert
20382,Introvert
20383,Introvert
20384,Introvert
20385,Introvert
20386,Introvert
20387,Extrovert
20388,Introvert
20389,Introvert
20390,Introvert
20391,Introvert
20392,Introvert
20393,Extrovert
20394,Extrovert
20395,Introvert
20396,Introvert
20397,Extrovert
20398,Introvert
20399,Introvert
20400,Introvert
20401,Introvert
20402,Extrovert
20403,Introvert
20404,Introvert
20405,Introvert
20406,Introvert
20407,Introvert
20408,Introvert
20409,Introvert
20410,Introvert
20411,Introvert
20412,Introvert
20413,Introvert
20414,Introvert
20415,Introvert
20416,Introvert
20417,Introvert
20418,Extrovert
20419,Introvert
20420,Introvert
20421,Extrovert
20422,Extrovert
20423,Introvert
20424,Introvert
20425,Extrovert
20426,Extrovert
20427,Introvert
20428,Introvert
20429,Extrovert
20430,Extrovert
20431,Extrovert
20432,Introvert
20433,Introvert
20434,Extrovert
20435,Introvert
20436,Introvert
20437,Introvert
20438,Introvert
20439,Introvert
20440,Introvert
20441,Introvert
20442,Introvert
20443,Introvert
20444,Extrovert
20445,Introvert
20446,Introvert
20447,Introvert
20448,Introvert
20449,Extrovert
20450,Extrovert
20451,Introvert
20452,Introvert
20453,Extrovert
20454,Introvert
20455,Introvert
20456,Introvert
20457,Introvert
20458,Introvert
20459,Introvert
20460,Introvert
20461,Introvert
20462,Introvert
20463,Extrovert
20464,Extrovert
20465,Extrovert
20466,Introvert
20467,Introvert
20468,Introvert
20469,Extrovert
20470,Extrovert
20471,Introvert
20472,Extrovert
20473,Introvert
20474,Introvert
20475,Extrovert
20476,Extrovert
20477,Extrovert
20478,Extrovert
20479,Extrovert
20480,Introvert
20481,Introvert
20482,Introvert
20483,Extrovert
20484,Extrovert
20485,Extrovert
20486,Introvert
20487,Extrovert
20488,Introvert
20489,Introvert
20490,Introvert
20491,Introvert
20492,Extrovert
20493,Introvert
20494,Introvert
20495,Introvert
20496,Introvert
20497,Introvert
20498,Extrovert
20499,Introvert
20500,Introvert
20501,Extrovert
20502,Introvert
20503,Introvert
20504,Extrovert
20505,Extrovert
20506,Introvert
20507,Extrovert
20508,Extrovert
20509,Introvert
20510,Introvert
20511,Extrovert
20512,Introvert
20513,Introvert
20514,Extrovert
20515,Introvert
20516,Introvert
20517,Extrovert
20518,Introvert
20519,Extrovert
20520,Introvert
20521,Introvert
20522,Introvert
20523,Introvert
20524,Extrovert
20525,Extrovert
20526,Extrovert
20527,Introvert
20528,Extrovert
20529,Introvert
20530,Introvert
20531,Extrovert
20532,Introvert
20533,Introvert
20534,Introvert
20535,Introvert
20536,Introvert
20537,Introvert
20538,Introvert
20539,Introvert
20540,Introvert
20541,Extrovert
20542,Extrovert
20543,Introvert
20544,Introvert
20545,Extrovert
20546,Extrovert
20547,Introvert
20548,Introvert
20549,Introvert
20550,Introvert
20551,Extrovert
20552,Introvert
20553,Introvert
20554,Extrovert
20555,Introvert
20556,Extrovert
20557,Introvert
20558,Introvert
20559,Introvert
20560,Extrovert
20561,Introvert
20562,Extrovert
20563,Extrovert
20564,Introvert
20565,Introvert
20566,Extrovert
20567,Introvert
20568,Introvert
20569,Introvert
20570,Introvert
20571,Introvert
20572,Introvert
20573,Extrovert
20574,Introvert
20575,Introvert
20576,Extrovert
20577,Introvert
20578,Introvert
20579,Extrovert
20580,Introvert
20581,Introvert
20582,Introvert
20583,Extrovert
20584,Introvert
20585,Introvert
20586,Introvert
20587,Extrovert
20588,Extrovert
20589,Introvert
20590,Introvert
20591,Introvert
20592,Introvert
20593,Introvert
20594,Introvert
20595,Extrovert
20596,Introvert
20597,Introvert
20598,Introvert
20599,Extrovert
20600,Introvert
20601,Introvert
20602,Extrovert
20603,Introvert
20604,Introvert
20605,Introvert
20606,Introvert
20607,Introvert
20608,Introvert
20609,Introvert
20610,Introvert
20611,Introvert
20612,Introvert
20613,Extrovert
20614,Introvert
20615,Introvert
20616,Extrovert
20617,Introvert
20618,Extrovert
20619,Introvert
20620,Extrovert
20621,Introvert
20622,Introvert
20623,Introvert
20624,Introvert
20625,Introvert
20626,Introvert
20627,Introvert
20628,Introvert
20629,Introvert
20630,Introvert
20631,Extrovert
20632,Introvert
20633,Introvert
20634,Introvert
20635,Introvert
20636,Introvert
20637,Introvert
20638,Introvert
20639,Introvert
20640,Introvert
20641,Introvert
20642,Introvert
20643,Introvert
20644,Introvert
20645,Introvert
20646,Introvert
20647,Introvert
20648,Extrovert
20649,Introvert
20650,Extrovert
20651,Introvert
20652,Extrovert
20653,Introvert
20654,Extrovert
20655,Extrovert
20656,Introvert
20657,Introvert
20658,Introvert
20659,Extrovert
20660,Extrovert
20661,Introvert
20662,Extrovert
20663,Introvert
20664,Extrovert
20665,Introvert
20666,Introvert
20667,Introvert
20668,Introvert
20669,Introvert
20670,Introvert
20671,Introvert
20672,Introvert
20673,Introvert
20674,Introvert
20675,Introvert
20676,Introvert
20677,Introvert
20678,Introvert
20679,Introvert
20680,Introvert
20681,Introvert
20682,Introvert
20683,Introvert
20684,Introvert
20685,Extrovert
20686,Extrovert
20687,Extrovert
20688,Introvert
20689,Introvert
20690,Extrovert
20691,Introvert
20692,Introvert
20693,Introvert
20694,Introvert
20695,Extrovert
20696,Introvert
20697,Introvert
20698,Introvert
20699,Extrovert
20700,Introvert
20701,Extrovert
20702,Extrovert
20703,Introvert
20704,Introvert
20705,Extrovert
20706,Introvert
20707,Extrovert
20708,Introvert
20709,Introvert
20710,Extrovert
20711,Introvert
20712,Introvert
20713,Introvert
20714,Introvert
20715,Introvert
20716,Introvert
20717,Extrovert
20718,Introvert
20719,Introvert
20720,Introvert
20721,Extrovert
20722,Extrovert
20723,Extrovert
20724,Extrovert
20725,Extrovert
20726,Introvert
20727,Extrovert
20728,Extrovert
20729,Introvert
20730,Introvert
20731,Introvert
20732,Introvert
20733,Introvert
20734,Introvert
20735,Introvert
20736,Introvert
20737,Introvert
20738,Introvert
20739,Introvert
20740,Introvert
20741,Introvert
20742,Extrovert
20743,Extrovert
20744,Introvert
20745,Introvert
20746,Introvert
20747,Introvert
20748,Extrovert
20749,Introvert
20750,Introvert
20751,Extrovert
20752,Extrovert
20753,Introvert
20754,Introvert
20755,Introvert
20756,Introvert
20757,Extrovert
20758,Introvert
20759,Introvert
20760,Introvert
20761,Extrovert
20762,Introvert
20763,Introvert
20764,Introvert
20765,Introvert
20766,Extrovert
20767,Introvert
20768,Introvert
20769,Extrovert
20770,Introvert
20771,Introvert
20772,Introvert
20773,Introvert
20774,Introvert
20775,Introvert
20776,Introvert
20777,Extrovert
20778,Introvert
20779,Extrovert
20780,Introvert
20781,Introvert
20782,Introvert
20783,Extrovert
20784,Introvert
20785,Introvert
20786,Introvert
20787,Introvert
20788,Introvert
20789,Extrovert
20790,Extrovert
20791,Introvert
20792,Introvert
20793,Extrovert
20794,Introvert
20795,Introvert
20796,Extrovert
20797,Introvert
20798,Introvert
20799,Introvert
20800,Extrovert
20801,Introvert
20802,Introvert
20803,Introvert
20804,Introvert
20805,Introvert
20806,Introvert
20807,Introvert
20808,Introvert
20809,Introvert
20810,Introvert
20811,Introvert
20812,Introvert
20813,Extrovert
20814,Introvert
20815,Introvert
20816,Extrovert
20817,Introvert
20818,Extrovert
20819,Introvert
20820,Introvert
20821,Introvert
20822,Introvert
20823,Introvert
20824,Introvert
20825,Introvert
20826,Extrovert
20827,Extrovert
20828,Introvert
20829,Introvert
20830,Introvert
20831,Extrovert
20832,Introvert
20833,Introvert
20834,Introvert
20835,Introvert
20836,Introvert
20837,Extrovert
20838,Introvert
20839,Introvert
20840,Introvert
20841,Introvert
20842,Extrovert
20843,Extrovert
20844,Introvert
20845,Introvert
20846,Introvert
20847,Introvert
20848,Introvert
20849,Extrovert
20850,Introvert
20851,Introvert
20852,Introvert
20853,Introvert
20854,Introvert
20855,Extrovert
20856,Extrovert
20857,Introvert
20858,Introvert
20859,Introvert
20860,Introvert
20861,Extrovert
20862,Introvert
20863,Extrovert
20864,Introvert
20865,Introvert
20866,Extrovert
20867,Introvert
20868,Extrovert
20869,Introvert
20870,Introvert
20871,Extrovert
20872,Extrovert
20873,Introvert
20874,Introvert
20875,Introvert
20876,Introvert
20877,Introvert
20878,Introvert
20879,Introvert
20880,Introvert
20881,Extrovert
20882,Introvert
20883,Introvert
20884,Extrovert
20885,Introvert
20886,Introvert
20887,Introvert
20888,Introvert
20889,Introvert
20890,Introvert
20891,Introvert
20892,Introvert
20893,Introvert
20894,Introvert
20895,Introvert
20896,Introvert
20897,Introvert
20898,Extrovert
20899,Introvert
20900,Introvert
20901,Introvert
20902,Introvert
20903,Introvert
20904,Introvert
20905,Extrovert
20906,Introvert
20907,Introvert
20908,Extrovert
20909,Introvert
20910,Introvert
20911,Introvert
20912,Introvert
20913,Introvert
20914,Introvert
20915,Introvert
20916,Extrovert
20917,Extrovert
20918,Introvert
20919,Introvert
20920,Introvert
20921,Introvert
20922,Extrovert
20923,Introvert
20924,Extrovert
20925,Extrovert
20926,Introvert
20927,Introvert
20928,Extrovert
20929,Introvert
20930,Introvert
20931,Introvert
20932,Extrovert
20933,Introvert
20934,Introvert
20935,Introvert
20936,Introvert
20937,Introvert
20938,Introvert
20939,Introvert
20940,Introvert
20941,Extrovert
20942,Introvert
20943,Introvert
20944,Introvert
20945,Introvert
20946,Extrovert
20947,Introvert
20948,Extrovert
20949,Introvert
20950,Introvert
20951,Introvert
20952,Introvert
20953,Introvert
20954,Introvert
20955,Introvert
20956,Introvert
20957,Introvert
20958,Introvert
20959,Introvert
20960,Introvert
20961,Introvert
20962,Extrovert
20963,Introvert
20964,Introvert
20965,Introvert
20966,Introvert
20967,Introvert
20968,Introvert
20969,Introvert
20970,Extrovert
20971,Extrovert
20972,Introvert
20973,Extrovert
20974,Introvert
20975,Introvert
20976,Introvert
20977,Introvert
20978,Introvert
20979,Introvert
20980,Introvert
20981,Introvert
20982,Introvert
20983,Extrovert
20984,Extrovert
20985,Extrovert
20986,Extrovert
20987,Introvert
20988,Introvert
20989,Introvert
20990,Introvert
20991,Introvert
20992,Extrovert
20993,Introvert
20994,Extrovert
20995,Extrovert
20996,Introvert
20997,Introvert
20998,Extrovert
20999,Extrovert
21000,Introvert
21001,Introvert
21002,Introvert
21003,Extrovert
21004,Introvert
21005,Introvert
21006,Extrovert
21007,Introvert
21008,Introvert
21009,Introvert
21010,Introvert
21011,Introvert
21012,Extrovert
21013,Introvert
21014,Introvert
21015,Extrovert
21016,Introvert
21017,Introvert
21018,Extrovert
21019,Introvert
21020,Introvert
21021,Introvert
21022,Extrovert
21023,Introvert
21024,Introvert
21025,Introvert
21026,Introvert
21027,Introvert
21028,Introvert
21029,Introvert
21030,Extrovert
21031,Extrovert
21032,Extrovert
21033,Introvert
21034,Extrovert
21035,Extrovert
21036,Introvert
21037,Introvert
21038,Introvert
21039,Introvert
21040,Introvert
21041,Extrovert
21042,Introvert
21043,Introvert
21044,Introvert
21045,Extrovert
21046,Introvert
21047,Introvert
21048,Introvert
21049,Introvert
21050,Introvert
21051,Extrovert
21052,Introvert
21053,Introvert
21054,Introvert
21055,Introvert
21056,Extrovert
21057,Introvert
21058,Extrovert
21059,Introvert
21060,Extrovert
21061,Introvert
21062,Extrovert
21063,Introvert
21064,Introvert
21065,Introvert
21066,Extrovert
21067,Introvert
21068,Extrovert
21069,Introvert
21070,Introvert
21071,Introvert
21072,Extrovert
21073,Extrovert
21074,Introvert
21075,Introvert
21076,Introvert
21077,Extrovert
21078,Introvert
21079,Introvert
21080,Introvert
21081,Introvert
21082,Introvert
21083,Introvert
21084,Introvert
21085,Introvert
21086,Introvert
21087,Introvert
21088,Extrovert
21089,Introvert
21090,Introvert
21091,Introvert
21092,Introvert
21093,Introvert
21094,Extrovert
21095,Introvert
21096,Introvert
21097,Extrovert
21098,Introvert
21099,Introvert
21100,Introvert
21101,Introvert
21102,Introvert
21103,Extrovert
21104,Extrovert
21105,Introvert
21106,Extrovert
21107,Introvert
21108,Introvert
21109,Introvert
21110,Introvert
21111,Introvert
21112,Introvert
21113,Extrovert
21114,Extrovert
21115,Introvert
21116,Extrovert
21117,Introvert
21118,Introvert
21119,Extrovert
21120,Introvert
21121,Introvert
21122,Introvert
21123,Extrovert
21124,Introvert
21125,Introvert
21126,Introvert
21127,Introvert
21128,Introvert
21129,Introvert
21130,Introvert
21131,Introvert
21132,Introvert
21133,Introvert
21134,Introvert
21135,Extrovert
21136,Extrovert
21137,Extrovert
21138,Introvert
21139,Extrovert
21140,Introvert
21141,Introvert
21142,Extrovert
21143,Extrovert
21144,Extrovert
21145,Introvert
21146,Introvert
21147,Introvert
21148,Introvert
21149,Introvert
21150,Extrovert
21151,Introvert
21152,Introvert
21153,Introvert
21154,Introvert
21155,Extrovert
21156,Extrovert
21157,Introvert
21158,Extrovert
21159,Introvert
21160,Extrovert
21161,Extrovert
21162,Extrovert
21163,Introvert
21164,Introvert
21165,Introvert
21166,Extrovert
21167,Introvert
21168,Extrovert
21169,Introvert
21170,Extrovert
21171,Introvert
21172,Extrovert
21173,Extrovert
21174,Introvert
21175,Introvert
21176,Introvert
21177,Introvert
21178,Introvert
21179,Introvert
21180,Introvert
21181,Extrovert
21182,Introvert
21183,Introvert
21184,Extrovert
21185,Introvert
21186,Introvert
21187,Introvert
21188,Introvert
21189,Introvert
21190,Introvert
21191,Introvert
21192,Introvert
21193,Introvert
21194,Introvert
21195,Introvert
21196,Introvert
21197,Introvert
21198,Extrovert
21199,Introvert
21200,Extrovert
21201,Introvert
21202,Extrovert
21203,Introvert
21204,Introvert
21205,Introvert
21206,Extrovert
21207,Introvert
21208,Introvert
21209,Introvert
21210,Introvert
21211,Extrovert
21212,Introvert
21213,Introvert
21214,Introvert
21215,Introvert
21216,Extrovert
21217,Extrovert
21218,Introvert
21219,Introvert
21220,Introvert
21221,Introvert
21222,Introvert
21223,Extrovert
21224,Introvert
21225,Introvert
21226,Introvert
21227,Introvert
21228,Introvert
21229,Introvert
21230,Introvert
21231,Introvert
21232,Introvert
21233,Introvert
21234,Extrovert
21235,Introvert
21236,Introvert
21237,Introvert
21238,Extrovert
21239,Introvert
21240,Introvert
21241,Introvert
21242,Introvert
21243,Introvert
21244,Introvert
21245,Extrovert
21246,Introvert
21247,Extrovert
21248,Introvert
21249,Extrovert
21250,Extrovert
21251,Introvert
21252,Extrovert
21253,Introvert
21254,Introvert
21255,Introvert
21256,Introvert
21257,Introvert
21258,Introvert
21259,Introvert
21260,Introvert
21261,Introvert
21262,Introvert
21263,Extrovert
21264,Introvert
21265,Introvert
21266,Extrovert
21267,Introvert
21268,Extrovert
21269,Introvert
21270,Introvert
21271,Introvert
21272,Extrovert
21273,Extrovert
21274,Introvert
21275,Introvert
21276,Introvert
21277,Introvert
21278,Extrovert
21279,Extrovert
21280,Introvert
21281,Extrovert
21282,Introvert
21283,Introvert
21284,Extrovert
21285,Introvert
21286,Extrovert
21287,Introvert
21288,Introvert
21289,Introvert
21290,Introvert
21291,Extrovert
21292,Introvert
21293,Introvert
21294,Extrovert
21295,Extrovert
21296,Introvert
21297,Introvert
21298,Introvert
21299,Extrovert
21300,Introvert
21301,Introvert
21302,Introvert
21303,Introvert
21304,Introvert
21305,Introvert
21306,Introvert
21307,Introvert
21308,Extrovert
21309,Introvert
21310,Introvert
21311,Extrovert
21312,Extrovert
21313,Introvert
21314,Extrovert
21315,Introvert
21316,Introvert
21317,Extrovert
21318,Introvert
21319,Extrovert
21320,Introvert
21321,Introvert
21322,Extrovert
21323,Introvert
21324,Introvert
21325,Extrovert
21326,Introvert
21327,Introvert
21328,Introvert
21329,Introvert
21330,Extrovert
21331,Introvert
21332,Introvert
21333,Extrovert
21334,Introvert
21335,Introvert
21336,Introvert
21337,Extrovert
21338,Introvert
21339,Introvert
21340,Introvert
21341,Introvert
21342,Introvert
21343,Introvert
21344,Introvert
21345,Extrovert
21346,Extrovert
21347,Introvert
21348,Introvert
21349,Introvert
21350,Introvert
21351,Introvert
21352,Introvert
21353,Introvert
21354,Introvert
21355,Introvert
21356,Introvert
21357,Introvert
21358,Introvert
21359,Introvert
21360,Extrovert
21361,Introvert
21362,Extrovert
21363,Introvert
21364,Introvert
21365,Introvert
21366,Extrovert
21367,Introvert
21368,Introvert
21369,Introvert
21370,Introvert
21371,Extrovert
21372,Introvert
21373,Introvert
21374,Introvert
21375,Introvert
21376,Introvert
21377,Introvert
21378,Extrovert
21379,Introvert
21380,Introvert
21381,Introvert
21382,Introvert
21383,Introvert
21384,Introvert
21385,Introvert
21386,Introvert
21387,Introvert
21388,Introvert
21389,Extrovert
21390,Introvert
21391,Introvert
21392,Extrovert
21393,Introvert
21394,Introvert
21395,Introvert
21396,Introvert
21397,Introvert
21398,Extrovert
21399,Introvert
21400,Introvert
21401,Introvert
21402,Introvert
21403,Introvert
21404,Extrovert
21405,Introvert
21406,Introvert
21407,Introvert
21408,Introvert
21409,Introvert
21410,Introvert
21411,Introvert
21412,Extrovert
21413,Introvert
21414,Introvert
21415,Introvert
21416,Introvert
21417,Extrovert
21418,Introvert
21419,Introvert
21420,Introvert
21421,Extrovert
21422,Introvert
21423,Introvert
21424,Extrovert
21425,Introvert
21426,Introvert
21427,Extrovert
21428,Extrovert
21429,Extrovert
21430,Introvert
21431,Introvert
21432,Introvert
21433,Extrovert
21434,Introvert
21435,Introvert
21436,Introvert
21437,Introvert
21438,Introvert
21439,Introvert
21440,Introvert
21441,Introvert
21442,Introvert
21443,Introvert
21444,Introvert
21445,Extrovert
21446,Introvert
21447,Introvert
21448,Introvert
21449,Introvert
21450,Extrovert
21451,Introvert
21452,Introvert
21453,Introvert
21454,Introvert
21455,Extrovert
21456,Introvert
21457,Extrovert
21458,Extrovert
21459,Introvert
21460,Extrovert
21461,Introvert
21462,Introvert
21463,Extrovert
21464,Extrovert
21465,Extrovert
21466,Introvert
21467,Introvert
21468,Introvert
21469,Introvert
21470,Introvert
21471,Introvert
21472,Introvert
21473,Introvert
21474,Extrovert
21475,Introvert
21476,Introvert
21477,Introvert
21478,Extrovert
21479,Introvert
21480,Extrovert
21481,Introvert
21482,Introvert
21483,Introvert
21484,Extrovert
21485,Introvert
21486,Extrovert
21487,Introvert
21488,Introvert
21489,Introvert
21490,Introvert
21491,Introvert
21492,Introvert
21493,Introvert
21494,Introvert
21495,Extrovert
21496,Introvert
21497,Extrovert
21498,Introvert
21499,Extrovert
21500,Introvert
21501,Introvert
21502,Introvert
21503,Introvert
21504,Introvert
21505,Introvert
21506,Introvert
21507,Introvert
21508,Introvert
21509,Introvert
21510,Introvert
21511,Introvert
21512,Extrovert
21513,Introvert
21514,Introvert
21515,Extrovert
21516,Introvert
21517,Introvert
21518,Extrovert
21519,Introvert
21520,Extrovert
21521,Introvert
21522,Introvert
21523,Extrovert
21524,Introvert
21525,Introvert
21526,Introvert
21527,Introvert
21528,Introvert
21529,Extrovert
21530,Introvert
21531,Introvert
21532,Introvert
21533,Introvert
21534,Introvert
21535,Introvert
21536,Extrovert
21537,Extrovert
21538,Extrovert
21539,Introvert
21540,Extrovert
21541,Introvert
21542,Introvert
21543,Introvert
21544,Introvert
21545,Extrovert
21546,Introvert
21547,Introvert
21548,Introvert
21549,Introvert
21550,Introvert
21551,Introvert
21552,Introvert
21553,Introvert
21554,Introvert
21555,Introvert
21556,Introvert
21557,Introvert
21558,Introvert
21559,Introvert
21560,Introvert
21561,Extrovert
21562,Extrovert
21563,Introvert
21564,Extrovert
21565,Extrovert
21566,Extrovert
21567,Introvert
21568,Introvert
21569,Introvert
21570,Introvert
21571,Introvert
21572,Introvert
21573,Introvert
21574,Introvert
21575,Introvert
21576,Introvert
21577,Introvert
21578,Introvert
21579,Introvert
21580,Extrovert
21581,Introvert
21582,Extrovert
21583,Extrovert
21584,Introvert
21585,Introvert
21586,Introvert
21587,Introvert
21588,Introvert
21589,Introvert
21590,Introvert
21591,Introvert
21592,Introvert
21593,Extrovert
21594,Introvert
21595,Introvert
21596,Introvert
21597,Introvert
21598,Extrovert
21599,Extrovert
21600,Introvert
21601,Introvert
21602,Introvert
21603,Introvert
21604,Introvert
21605,Extrovert
21606,Introvert
21607,Introvert
21608,Introvert
21609,Extrovert
21610,Introvert
21611,Introvert
21612,Introvert
21613,Introvert
21614,Introvert
21615,Extrovert
21616,Introvert
21617,Extrovert
21618,Introvert
21619,Introvert
21620,Introvert
21621,Introvert
21622,Extrovert
21623,Introvert
21624,Extrovert
21625,Introvert
21626,Introvert
21627,Introvert
21628,Introvert
21629,Introvert
21630,Introvert
21631,Extrovert
21632,Introvert
21633,Extrovert
21634,Introvert
21635,Introvert
21636,Extrovert
21637,Introvert
21638,Extrovert
21639,Introvert
21640,Extrovert
21641,Introvert
21642,Introvert
21643,Introvert
21644,Introvert
21645,Extrovert
21646,Introvert
21647,Introvert
21648,Extrovert
21649,Introvert
21650,Introvert
21651,Extrovert
21652,Introvert
21653,Introvert
21654,Introvert
21655,Introvert
21656,Introvert
21657,Introvert
21658,Extrovert
21659,Extrovert
21660,Introvert
21661,Introvert
21662,Introvert
21663,Extrovert
21664,Introvert
21665,Extrovert
21666,Introvert
21667,Extrovert
21668,Extrovert
21669,Extrovert
21670,Introvert
21671,Introvert
21672,Introvert
21673,Extrovert
21674,Introvert
21675,Introvert
21676,Introvert
21677,Introvert
21678,Extrovert
21679,Introvert
21680,Introvert
21681,Extrovert
21682,Introvert
21683,Introvert
21684,Introvert
21685,Introvert
21686,Introvert
21687,Introvert
21688,Extrovert
21689,Introvert
21690,Introvert
21691,Introvert
21692,Extrovert
21693,Introvert
21694,Introvert
21695,Introvert
21696,Extrovert
21697,Introvert
21698,Extrovert
21699,Extrovert
21700,Extrovert
21701,Introvert
21702,Introvert
21703,Extrovert
21704,Introvert
21705,Introvert
21706,Introvert
21707,Introvert
21708,Extrovert
21709,Introvert
21710,Extrovert
21711,Extrovert
21712,Introvert
21713,Introvert
21714,Introvert
21715,Introvert
21716,Extrovert
21717,Introvert
21718,Extrovert
21719,Introvert
21720,Introvert
21721,Introvert
21722,Introvert
21723,Introvert
21724,Introvert
21725,Introvert
21726,Extrovert
21727,Extrovert
21728,Introvert
21729,Introvert
21730,Introvert
21731,Introvert
21732,Introvert
21733,Introvert
21734,Introvert
21735,Introvert
21736,Extrovert
21737,Extrovert
21738,Introvert
21739,Introvert
21740,Introvert
21741,Introvert
21742,Introvert
21743,Introvert
21744,Introvert
21745,Introvert
21746,Introvert
21747,Introvert
21748,Introvert
21749,Extrovert
21750,Introvert
21751,Introvert
21752,Introvert
21753,Introvert
21754,Introvert
21755,Introvert
21756,Extrovert
21757,Introvert
21758,Introvert
21759,Introvert
21760,Extrovert
21761,Introvert
21762,Extrovert
21763,Introvert
21764,Introvert
21765,Introvert
21766,Introvert
21767,Introvert
21768,Introvert
21769,Introvert
21770,Introvert
21771,Introvert
21772,Introvert
21773,Extrovert
21774,Introvert
21775,Introvert
21776,Extrovert
21777,Introvert
21778,Extrovert
21779,Introvert
21780,Extrovert
21781,Introvert
21782,Introvert
21783,Introvert
21784,Introvert
21785,Extrovert
21786,Introvert
21787,Extrovert
21788,Introvert
21789,Introvert
21790,Introvert
21791,Introvert
21792,Introvert
21793,Introvert
21794,Extrovert
21795,Introvert
21796,Introvert
21797,Extrovert
21798,Introvert
21799,Introvert
21800,Introvert
21801,Introvert
21802,Introvert
21803,Introvert
21804,Introvert
21805,Introvert
21806,Introvert
21807,Introvert
21808,Introvert
21809,Introvert
21810,Introvert
21811,Introvert
21812,Introvert
21813,Introvert
21814,Extrovert
21815,Introvert
21816,Introvert
21817,Extrovert
21818,Introvert
21819,Introvert
21820,Introvert
21821,Extrovert
21822,Introvert
21823,Introvert
21824,Introvert
21825,Introvert
21826,Introvert
21827,Introvert
21828,Introvert
21829,Introvert
21830,Introvert
21831,Introvert
21832,Introvert
21833,Extrovert
21834,Introvert
21835,Introvert
21836,Introvert
21837,Introvert
21838,Introvert
21839,Extrovert
21840,Introvert
21841,Extrovert
21842,Introvert
21843,Extrovert
21844,Introvert
21845,Introvert
21846,Introvert
21847,Introvert
21848,Extrovert
21849,Introvert
21850,Introvert
21851,Introvert
21852,Introvert
21853,Introvert
21854,Extrovert
21855,Extrovert
21856,Extrovert
21857,Introvert
21858,Introvert
21859,Introvert
21860,Introvert
21861,Introvert
21862,Introvert
21863,Introvert
21864,Introvert
21865,Introvert
21866,Extrovert
21867,Introvert
21868,Introvert
21869,Extrovert
21870,Introvert
21871,Extrovert
21872,Introvert
21873,Extrovert
21874,Introvert
21875,Introvert
21876,Extrovert
21877,Introvert
21878,Introvert
21879,Introvert
21880,Introvert
21881,Extrovert
21882,Extrovert
21883,Introvert
21884,Introvert
21885,Extrovert
21886,Introvert
21887,Introvert
21888,Introvert
21889,Introvert
21890,Introvert
21891,Extrovert
21892,Introvert
21893,Introvert
21894,Introvert
21895,Introvert
21896,Introvert
21897,Introvert
21898,Introvert
21899,Introvert
21900,Introvert
21901,Extrovert
21902,Introvert
21903,Introvert
21904,Introvert
21905,Introvert
21906,Introvert
21907,Introvert
21908,Introvert
21909,Introvert
21910,Extrovert
21911,Introvert
21912,Introvert
21913,Extrovert
21914,Introvert
21915,Extrovert
21916,Introvert
21917,Extrovert
21918,Introvert
21919,Introvert
21920,Extrovert
21921,Introvert
21922,Introvert
21923,Extrovert
21924,Introvert
21925,Introvert
21926,Introvert
21927,Introvert
21928,Introvert
21929,Introvert
21930,Extrovert
21931,Introvert
21932,Introvert
21933,Introvert
21934,Introvert
21935,Introvert
21936,Introvert
21937,Extrovert
21938,Introvert
21939,Introvert
21940,Introvert
21941,Extrovert
21942,Introvert
21943,Introvert
21944,Introvert
21945,Extrovert
21946,Extrovert
21947,Introvert
21948,Introvert
21949,Introvert
21950,Introvert
21951,Introvert
21952,Introvert
21953,Extrovert
21954,Introvert
21955,Introvert
21956,Introvert
21957,Introvert
21958,Introvert
21959,Introvert
21960,Introvert
21961,Introvert
21962,Introvert
21963,Introvert
21964,Introvert
21965,Introvert
21966,Extrovert
21967,Introvert
21968,Introvert
21969,Extrovert
21970,Introvert
21971,Extrovert
21972,Introvert
21973,Introvert
21974,Introvert
21975,Introvert
21976,Introvert
21977,Introvert
21978,Introvert
21979,Introvert
21980,Introvert
21981,Introvert
21982,Introvert
21983,Introvert
21984,Extrovert
21985,Introvert
21986,Introvert
21987,Introvert
21988,Introvert
21989,Introvert
21990,Introvert
21991,Introvert
21992,Introvert
21993,Introvert
21994,Introvert
21995,Extrovert
21996,Extrovert
21997,Extrovert
21998,Introvert
21999,Extrovert
22000,Introvert
22001,Introvert
22002,Extrovert
22003,Introvert
22004,Extrovert
22005,Introvert
22006,Introvert
22007,Introvert
22008,Introvert
22009,Introvert
22010,Introvert
22011,Introvert
22012,Extrovert
22013,Extrovert
22014,Extrovert
22015,Introvert
22016,Introvert
22017,Introvert
22018,Introvert
22019,Introvert
22020,Introvert
22021,Introvert
22022,Extrovert
22023,Introvert
22024,Introvert
22025,Introvert
22026,Introvert
22027,Extrovert
22028,Introvert
22029,Introvert
22030,Extrovert
22031,Introvert
22032,Introvert
22033,Introvert
22034,Introvert
22035,Introvert
22036,Introvert
22037,Introvert
22038,Introvert
22039,Introvert
22040,Introvert
22041,Introvert
22042,Introvert
22043,Extrovert
22044,Introvert
22045,Introvert
22046,Introvert
22047,Introvert
22048,Extrovert
22049,Introvert
22050,Extrovert
22051,Introvert
22052,Extrovert
22053,Introvert
22054,Introvert
22055,Introvert
22056,Introvert
22057,Introvert
22058,Introvert
22059,Introvert
22060,Introvert
22061,Introvert
22062,Extrovert
22063,Introvert
22064,Introvert
22065,Extrovert
22066,Introvert
22067,Introvert
22068,Introvert
22069,Introvert
22070,Introvert
22071,Introvert
22072,Introvert
22073,Introvert
22074,Introvert
22075,Extrovert
22076,Introvert
22077,Introvert
22078,Introvert
22079,Introvert
22080,Introvert
22081,Introvert
22082,Extrovert
22083,Introvert
22084,Introvert
22085,Introvert
22086,Introvert
22087,Introvert
22088,Introvert
22089,Introvert
22090,Introvert
22091,Introvert
22092,Introvert
22093,Introvert
22094,Introvert
22095,Introvert
22096,Introvert
22097,Introvert
22098,Extrovert
22099,Introvert
22100,Introvert
22101,Introvert
22102,Extrovert
22103,Introvert
22104,Introvert
22105,Extrovert
22106,Introvert
22107,Introvert
22108,Introvert
22109,Introvert
22110,Introvert
22111,Introvert
22112,Extrovert
22113,Introvert
22114,Introvert
22115,Introvert
22116,Introvert
22117,Introvert
22118,Introvert
22119,Introvert
22120,Introvert
22121,Extrovert
22122,Extrovert
22123,Extrovert
22124,Introvert
22125,Introvert
22126,Introvert
22127,Introvert
22128,Extrovert
22129,Introvert
22130,Extrovert
22131,Introvert
22132,Introvert
22133,Introvert
22134,Introvert
22135,Introvert
22136,Introvert
22137,Extrovert
22138,Extrovert
22139,Introvert
22140,Extrovert
22141,Introvert
22142,Introvert
22143,Extrovert
22144,Extrovert
22145,Introvert
22146,Introvert
22147,Introvert
22148,Extrovert
22149,Introvert
22150,Introvert
22151,Introvert
22152,Introvert
22153,Extrovert
22154,Introvert
22155,Introvert
22156,Extrovert
22157,Introvert
22158,Introvert
22159,Introvert
22160,Introvert
22161,Introvert
22162,Introvert
22163,Extrovert
22164,Introvert
22165,Extrovert
22166,Introvert
22167,Introvert
22168,Introvert
22169,Introvert
22170,Introvert
22171,Introvert
22172,Extrovert
22173,Extrovert
22174,Introvert
22175,Extrovert
22176,Introvert
22177,Extrovert
22178,Introvert
22179,Introvert
22180,Introvert
22181,Introvert
22182,Extrovert
22183,Introvert
22184,Introvert
22185,Introvert
22186,Introvert
22187,Extrovert
22188,Introvert
22189,Introvert
22190,Introvert
22191,Introvert
22192,Introvert
22193,Introvert
22194,Introvert
22195,Extrovert
22196,Extrovert
22197,Introvert
22198,Introvert
22199,Introvert
22200,Introvert
22201,Introvert
22202,Introvert
22203,Introvert
22204,Introvert
22205,Introvert
22206,Extrovert
22207,Introvert
22208,Introvert
22209,Introvert
22210,Extrovert
22211,Introvert
22212,Introvert
22213,Introvert
22214,Introvert
22215,Introvert
22216,Introvert
22217,Introvert
22218,Introvert
22219,Extrovert
22220,Introvert
22221,Introvert
22222,Introvert
22223,Introvert
22224,Introvert
22225,Extrovert
22226,Extrovert
22227,Introvert
22228,Extrovert
22229,Introvert
22230,Introvert
22231,Introvert
22232,Introvert
22233,Introvert
22234,Extrovert
22235,Introvert
22236,Extrovert
22237,Extrovert
22238,Introvert
22239,Introvert
22240,Introvert
22241,Introvert
22242,Introvert
22243,Extrovert
22244,Introvert
22245,Introvert
22246,Introvert
22247,Introvert
22248,Introvert
22249,Introvert
22250,Introvert
22251,Introvert
22252,Introvert
22253,Introvert
22254,Introvert
22255,Extrovert
22256,Introvert
22257,Introvert
22258,Introvert
22259,Extrovert
22260,Introvert
22261,Introvert
22262,Introvert
22263,Introvert
22264,Introvert
22265,Introvert
22266,Introvert
22267,Introvert
22268,Introvert
22269,Introvert
22270,Introvert
22271,Introvert
22272,Introvert
22273,Introvert
22274,Introvert
22275,Introvert
22276,Introvert
22277,Extrovert
22278,Extrovert
22279,Introvert
22280,Introvert
22281,Introvert
22282,Extrovert
22283,Introvert
22284,Introvert
22285,Extrovert
22286,Introvert
22287,Extrovert
22288,Introvert
22289,Introvert
22290,Extrovert
22291,Introvert
22292,Extrovert
22293,Introvert
22294,Introvert
22295,Introvert
22296,Introvert
22297,Introvert
22298,Extrovert
22299,Introvert
22300,Introvert
22301,Introvert
22302,Introvert
22303,Introvert
22304,Introvert
22305,Introvert
22306,Introvert
22307,Introvert
22308,Extrovert
22309,Introvert
22310,Introvert
22311,Introvert
22312,Introvert
22313,Introvert
22314,Introvert
22315,Extrovert
22316,Extrovert
22317,Introvert
22318,Introvert
22319,Extrovert
22320,Extrovert
22321,Extrovert
22322,Introvert
22323,Extrovert
22324,Introvert
22325,Extrovert
22326,Introvert
22327,Introvert
22328,Introvert
22329,Introvert
22330,Introvert
22331,Extrovert
22332,Extrovert
22333,Introvert
22334,Introvert
22335,Introvert
22336,Introvert
22337,Introvert
22338,Introvert
22339,Introvert
22340,Introvert
22341,Introvert
22342,Introvert
22343,Introvert
22344,Introvert
22345,Introvert
22346,Introvert
22347,Introvert
22348,Extrovert
22349,Extrovert
22350,Extrovert
22351,Extrovert
22352,Introvert
22353,Introvert
22354,Introvert
22355,Introvert
22356,Extrovert
22357,Introvert
22358,Introvert
22359,Extrovert
22360,Introvert
22361,Extrovert
22362,Introvert
22363,Introvert
22364,Introvert
22365,Introvert
22366,Introvert
22367,Extrovert
22368,Introvert
22369,Introvert
22370,Extrovert
22371,Introvert
22372,Extrovert
22373,Extrovert
22374,Extrovert
22375,Introvert
22376,Introvert
22377,Introvert
22378,Introvert
22379,Introvert
22380,Introvert
22381,Introvert
22382,Introvert
22383,Introvert
22384,Introvert
22385,Introvert
22386,Introvert
22387,Introvert
22388,Extrovert
22389,Extrovert
22390,Introvert
22391,Extrovert
22392,Introvert
22393,Introvert
22394,Introvert
22395,Extrovert
22396,Extrovert
22397,Extrovert
22398,Introvert
22399,Extrovert
22400,Introvert
22401,Introvert
22402,Introvert
22403,Introvert
22404,Introvert
22405,Introvert
22406,Introvert
22407,Extrovert
22408,Introvert
22409,Introvert
22410,Extrovert
22411,Introvert
22412,Introvert
22413,Extrovert
22414,Introvert
22415,Introvert
22416,Extrovert
22417,Introvert
22418,Introvert
22419,Extrovert
22420,Introvert
22421,Introvert
22422,Introvert
22423,Introvert
22424,Introvert
22425,Introvert
22426,Introvert
22427,Introvert
22428,Extrovert
22429,Introvert
22430,Introvert
22431,Introvert
22432,Introvert
22433,Introvert
22434,Introvert
22435,Introvert
22436,Extrovert
22437,Extrovert
22438,Extrovert
22439,Introvert
22440,Extrovert
22441,Introvert
22442,Introvert
22443,Introvert
22444,Introvert
22445,Introvert
22446,Extrovert
22447,Extrovert
22448,Introvert
22449,Introvert
22450,Introvert
22451,Introvert
22452,Introvert
22453,Introvert
22454,Extrovert
22455,Introvert
22456,Introvert
22457,Introvert
22458,Introvert
22459,Introvert
22460,Introvert
22461,Introvert
22462,Extrovert
22463,Introvert
22464,Extrovert
22465,Introvert
22466,Introvert
22467,Introvert
22468,Introvert
22469,Extrovert
22470,Introvert
22471,Introvert
22472,Introvert
22473,Introvert
22474,Introvert
22475,Introvert
22476,Extrovert
22477,Introvert
22478,Extrovert
22479,Introvert
22480,Introvert
22481,Extrovert
22482,Introvert
22483,Introvert
22484,Introvert
22485,Extrovert
22486,Introvert
22487,Introvert
22488,Introvert
22489,Introvert
22490,Introvert
22491,Introvert
22492,Introvert
22493,Introvert
22494,Introvert
22495,Introvert
22496,Introvert
22497,Introvert
22498,Introvert
22499,Introvert
22500,Introvert
22501,Introvert
22502,Introvert
22503,Introvert
22504,Introvert
22505,Introvert
22506,Introvert
22507,Introvert
22508,Introvert
22509,Extrovert
22510,Introvert
22511,Introvert
22512,Introvert
22513,Extrovert
22514,Introvert
22515,Introvert
22516,Introvert
22517,Introvert
22518,Introvert
22519,Introvert
22520,Introvert
22521,Introvert
22522,Introvert
22523,Extrovert
22524,Extrovert
22525,Extrovert
22526,Introvert
22527,Introvert
22528,Introvert
22529,Introvert
22530,Introvert
22531,Introvert
22532,Extrovert
22533,Introvert
22534,Introvert
22535,Introvert
22536,Introvert
22537,Extrovert
22538,Introvert
22539,Extrovert
22540,Extrovert
22541,Extrovert
22542,Introvert
22543,Introvert
22544,Introvert
22545,Introvert
22546,Introvert
22547,Introvert
22548,Introvert
22549,Extrovert
22550,Introvert
22551,Introvert
22552,Extrovert
22553,Extrovert
22554,Introvert
22555,Introvert
22556,Extrovert
22557,Introvert
22558,Introvert
22559,Extrovert
22560,Extrovert
22561,Introvert
22562,Introvert
22563,Introvert
22564,Extrovert
22565,Introvert
22566,Introvert
22567,Introvert
22568,Introvert
22569,Extrovert
22570,Extrovert
22571,Introvert
22572,Introvert
22573,Introvert
22574,Introvert
22575,Extrovert
22576,Introvert
22577,Introvert
22578,Introvert
22579,Introvert
22580,Extrovert
22581,Introvert
22582,Introvert
22583,Introvert
22584,Extrovert
22585,Extrovert
22586,Introvert
22587,Introvert
22588,Introvert
22589,Introvert
22590,Introvert
22591,Introvert
22592,Extrovert
22593,Introvert
22594,Introvert
22595,Introvert
22596,Introvert
22597,Introvert
22598,Introvert
22599,Introvert
22600,Introvert
22601,Introvert
22602,Introvert
22603,Introvert
22604,Introvert
22605,Introvert
22606,Extrovert
22607,Introvert
22608,Introvert
22609,Introvert
22610,Introvert
22611,Introvert
22612,Introvert
22613,Introvert
22614,Introvert
22615,Introvert
22616,Introvert
22617,Extrovert
22618,Extrovert
22619,Introvert
22620,Introvert
22621,Introvert
22622,Introvert
22623,Extrovert
22624,Introvert
22625,Introvert
22626,Introvert
22627,Extrovert
22628,Extrovert
22629,Introvert
22630,Extrovert
22631,Introvert
22632,Introvert
22633,Extrovert
22634,Extrovert
22635,Introvert
22636,Introvert
22637,Introvert
22638,Introvert
22639,Introvert
22640,Introvert
22641,Introvert
22642,Introvert
22643,Introvert
22644,Introvert
22645,Extrovert
22646,Extrovert
22647,Introvert
22648,Introvert
22649,Introvert
22650,Introvert
22651,Introvert
22652,Introvert
22653,Introvert
22654,Extrovert
22655,Extrovert
22656,Introvert
22657,Introvert
22658,Introvert
22659,Introvert
22660,Introvert
22661,Introvert
22662,Introvert
22663,Extrovert
22664,Introvert
22665,Introvert
22666,Introvert
22667,Introvert
22668,Extrovert
22669,Extrovert
22670,Extrovert
22671,Introvert
22672,Introvert
22673,Extrovert
22674,Introvert
22675,Introvert
22676,Introvert
22677,Introvert
22678,Introvert
22679,Introvert
22680,Introvert
22681,Introvert
22682,Extrovert
22683,Introvert
22684,Introvert
22685,Introvert
22686,Introvert
22687,Introvert
22688,Introvert
22689,Extrovert
22690,Introvert
22691,Introvert
22692,Introvert
22693,Introvert
22694,Extrovert
22695,Introvert
22696,Introvert
22697,Extrovert
22698,Extrovert
22699,Introvert
22700,Introvert
22701,Extrovert
22702,Introvert
22703,Introvert
22704,Introvert
22705,Introvert
22706,Introvert
22707,Extrovert
22708,Introvert
22709,Introvert
22710,Introvert
22711,Extrovert
22712,Introvert
22713,Extrovert
22714,Extrovert
22715,Introvert
22716,Introvert
22717,Introvert
22718,Introvert
22719,Introvert
22720,Introvert
22721,Introvert
22722,Introvert
22723,Extrovert
22724,Introvert
22725,Introvert
22726,Introvert
22727,Introvert
22728,Introvert
22729,Introvert
22730,Extrovert
22731,Introvert
22732,Introvert
22733,Introvert
22734,Introvert
22735,Extrovert
22736,Introvert
22737,Introvert
22738,Introvert
22739,Introvert
22740,Extrovert
22741,Introvert
22742,Introvert
22743,Introvert
22744,Extrovert
22745,Introvert
22746,Introvert
22747,Introvert
22748,Extrovert
22749,Extrovert
22750,Introvert
22751,Extrovert
22752,Extrovert
22753,Introvert
22754,Introvert
22755,Introvert
22756,Extrovert
22757,Extrovert
22758,Introvert
22759,Extrovert
22760,Introvert
22761,Introvert
22762,Introvert
22763,Introvert
22764,Introvert
22765,Introvert
22766,Introvert
22767,Introvert
22768,Introvert
22769,Extrovert
22770,Extrovert
22771,Introvert
22772,Introvert
22773,Introvert
22774,Introvert
22775,Introvert
22776,Introvert
22777,Introvert
22778,Introvert
22779,Introvert
22780,Introvert
22781,Introvert
22782,Introvert
22783,Introvert
22784,Introvert
22785,Introvert
22786,Introvert
22787,Introvert
22788,Extrovert
22789,Introvert
22790,Introvert
22791,Introvert
22792,Introvert
22793,Introvert
22794,Introvert
22795,Introvert
22796,Extrovert
22797,Introvert
22798,Introvert
22799,Introvert
22800,Introvert
22801,Introvert
22802,Introvert
22803,Extrovert
22804,Introvert
22805,Introvert
22806,Introvert
22807,Introvert
22808,Introvert
22809,Extrovert
22810,Introvert
22811,Introvert
22812,Introvert
22813,Extrovert
22814,Introvert
22815,Introvert
22816,Introvert
22817,Introvert
22818,Introvert
22819,Extrovert
22820,Introvert
22821,Introvert
22822,Extrovert
22823,Introvert
22824,Introvert
22825,Introvert
22826,Extrovert
22827,Introvert
22828,Introvert
22829,Introvert
22830,Introvert
22831,Introvert
22832,Extrovert
22833,Extrovert
22834,Extrovert
22835,Introvert
22836,Introvert
22837,Introvert
22838,Introvert
22839,Extrovert
22840,Introvert
22841,Introvert
22842,Extrovert
22843,Introvert
22844,Introvert
22845,Extrovert
22846,Introvert
22847,Introvert
22848,Extrovert
22849,Introvert
22850,Extrovert
22851,Extrovert
22852,Extrovert
22853,Introvert
22854,Introvert
22855,Introvert
22856,Extrovert
22857,Introvert
22858,Introvert
22859,Introvert
22860,Introvert
22861,Introvert
22862,Introvert
22863,Introvert
22864,Extrovert
22865,Extrovert
22866,Extrovert
22867,Introvert
22868,Introvert
22869,Introvert
22870,Introvert
22871,Introvert
22872,Introvert
22873,Introvert
22874,Introvert
22875,Introvert
22876,Extrovert
22877,Introvert
22878,Introvert
22879,Introvert
22880,Extrovert
22881,Extrovert
22882,Extrovert
22883,Introvert
22884,Introvert
22885,Extrovert
22886,Introvert
22887,Introvert
22888,Introvert
22889,Introvert
22890,Introvert
22891,Extrovert
22892,Introvert
22893,Introvert
22894,Introvert
22895,Introvert
22896,Introvert
22897,Extrovert
22898,Introvert
22899,Introvert
22900,Introvert
22901,Introvert
22902,Extrovert
22903,Introvert
22904,Extrovert
22905,Introvert
22906,Introvert
22907,Extrovert
22908,Introvert
22909,Introvert
22910,Introvert
22911,Extrovert
22912,Introvert
22913,Introvert
22914,Extrovert
22915,Extrovert
22916,Extrovert
22917,Introvert
22918,Extrovert
22919,Introvert
22920,Introvert
22921,Introvert
22922,Introvert
22923,Introvert
22924,Introvert
22925,Extrovert
22926,Introvert
22927,Extrovert
22928,Extrovert
22929,Introvert
22930,Extrovert
22931,Extrovert
22932,Introvert
22933,Introvert
22934,Introvert
22935,Introvert
22936,Introvert
22937,Introvert
22938,Extrovert
22939,Extrovert
22940,Introvert
22941,Introvert
22942,Introvert
22943,Extrovert
22944,Introvert
22945,Introvert
22946,Extrovert
22947,Introvert
22948,Introvert
22949,Introvert
22950,Introvert
22951,Introvert
22952,Introvert
22953,Introvert
22954,Extrovert
22955,Introvert
22956,Introvert
22957,Introvert
22958,Introvert
22959,Introvert
22960,Extrovert
22961,Extrovert
22962,Introvert
22963,Extrovert
22964,Introvert
22965,Extrovert
22966,Introvert
22967,Introvert
22968,Extrovert
22969,Introvert
22970,Introvert
22971,Extrovert
22972,Extrovert
22973,Introvert
22974,Extrovert
22975,Introvert
22976,Introvert
22977,Extrovert
22978,Introvert
22979,Introvert
22980,Introvert
22981,Introvert
22982,Introvert
22983,Introvert
22984,Introvert
22985,Extrovert
22986,Introvert
22987,Extrovert
22988,Extrovert
22989,Introvert
22990,Introvert
22991,Extrovert
22992,Extrovert
22993,Introvert
22994,Introvert
22995,Introvert
22996,Introvert
22997,Extrovert
22998,Introvert
22999,Introvert
23000,Introvert
23001,Introvert
23002,Introvert
23003,Introvert
23004,Introvert
23005,Extrovert
23006,Introvert
23007,Introvert
23008,Introvert
23009,Introvert
23010,Extrovert
23011,Introvert
23012,Introvert
23013,Introvert
23014,Introvert
23015,Introvert
23016,Introvert
23017,Introvert
23018,Extrovert
23019,Extrovert
23020,Introvert
23021,Introvert
23022,Extrovert
23023,Introvert
23024,Introvert
23025,Introvert
23026,Extrovert
23027,Extrovert
23028,Introvert
23029,Introvert
23030,Introvert
23031,Introvert
23032,Introvert
23033,Introvert
23034,Introvert
23035,Extrovert
23036,Introvert
23037,Introvert
23038,Introvert
23039,Extrovert
23040,Introvert
23041,Introvert
23042,Introvert
23043,Introvert
23044,Introvert
23045,Introvert
23046,Introvert
23047,Introvert
23048,Extrovert
23049,Introvert
23050,Extrovert
23051,Introvert
23052,Introvert
23053,Extrovert
23054,Introvert
23055,Introvert
23056,Extrovert
23057,Introvert
23058,Introvert
23059,Introvert
23060,Introvert
23061,Extrovert
23062,Extrovert
23063,Introvert
23064,Introvert
23065,Introvert
23066,Introvert
23067,Introvert
23068,Introvert
23069,Introvert
23070,Introvert
23071,Extrovert
23072,Introvert
23073,Introvert
23074,Introvert
23075,Extrovert
23076,Introvert
23077,Extrovert
23078,Introvert
23079,Introvert
23080,Extrovert
23081,Introvert
23082,Introvert
23083,Introvert
23084,Introvert
23085,Introvert
23086,Extrovert
23087,Introvert
23088,Introvert
23089,Introvert
23090,Introvert
23091,Extrovert
23092,Introvert
23093,Introvert
23094,Introvert
23095,Introvert
23096,Introvert
23097,Extrovert
23098,Introvert
23099,Introvert
23100,Introvert
23101,Extrovert
23102,Introvert
23103,Introvert
23104,Introvert
23105,Introvert
23106,Introvert
23107,Extrovert
23108,Introvert
23109,Introvert
23110,Extrovert
23111,Extrovert
23112,Introvert
23113,Introvert
23114,Introvert
23115,Introvert
23116,Introvert
23117,Extrovert
23118,Extrovert
23119,Introvert
23120,Introvert
23121,Introvert
23122,Introvert
23123,Introvert
23124,Extrovert
23125,Introvert
23126,Extrovert
23127,Extrovert
23128,Introvert
23129,Introvert
23130,Introvert
23131,Extrovert
23132,Introvert
23133,Introvert
23134,Introvert
23135,Introvert
23136,Introvert
23137,Introvert
23138,Introvert
23139,Introvert
23140,Introvert
23141,Extrovert
23142,Extrovert
23143,Introvert
23144,Introvert
23145,Introvert
23146,Introvert
23147,Extrovert
23148,Introvert
23149,Introvert
23150,Introvert
23151,Introvert
23152,Introvert
23153,Introvert
23154,Introvert
23155,Introvert
23156,Introvert
23157,Extrovert
23158,Extrovert
23159,Extrovert
23160,Introvert
23161,Extrovert
23162,Introvert
23163,Introvert
23164,Introvert
23165,Extrovert
23166,Introvert
23167,Introvert
23168,Introvert
23169,Introvert
23170,Introvert
23171,Introvert
23172,Extrovert
23173,Introvert
23174,Introvert
23175,Introvert
23176,Introvert
23177,Introvert
23178,Extrovert
23179,Extrovert
23180,Extrovert
23181,Introvert
23182,Extrovert
23183,Introvert
23184,Introvert
23185,Introvert
23186,Introvert
23187,Introvert
23188,Introvert
23189,Introvert
23190,Introvert
23191,Extrovert
23192,Introvert
23193,Introvert
23194,Introvert
23195,Extrovert
23196,Introvert
23197,Extrovert
23198,Introvert
23199,Introvert
23200,Introvert
23201,Introvert
23202,Introvert
23203,Introvert
23204,Introvert
23205,Extrovert
23206,Introvert
23207,Introvert
23208,Introvert
23209,Introvert
23210,Extrovert
23211,Extrovert
23212,Introvert
23213,Introvert
23214,Extrovert
23215,Introvert
23216,Introvert
23217,Introvert
23218,Extrovert
23219,Extrovert
23220,Extrovert
23221,Introvert
23222,Introvert
23223,Introvert
23224,Extrovert
23225,Introvert
23226,Introvert
23227,Introvert
23228,Introvert
23229,Introvert
23230,Introvert
23231,Introvert
23232,Introvert
23233,Extrovert
23234,Introvert
23235,Introvert
23236,Introvert
23237,Introvert
23238,Extrovert
23239,Introvert
23240,Extrovert
23241,Introvert
23242,Introvert
23243,Introvert
23244,Extrovert
23245,Extrovert
23246,Introvert
23247,Introvert
23248,Introvert
23249,Introvert
23250,Introvert
23251,Introvert
23252,Introvert
23253,Introvert
23254,Introvert
23255,Introvert
23256,Introvert
23257,Introvert
23258,Introvert
23259,Introvert
23260,Introvert
23261,Introvert
23262,Introvert
23263,Introvert
23264,Introvert
23265,Introvert
23266,Extrovert
23267,Introvert
23268,Introvert
23269,Introvert
23270,Extrovert
23271,Introvert
23272,Introvert
23273,Extrovert
23274,Introvert
23275,Introvert
23276,Introvert
23277,Introvert
23278,Introvert
23279,Introvert
23280,Introvert
23281,Extrovert
23282,Introvert
23283,Introvert
23284,Introvert
23285,Introvert
23286,Introvert
23287,Introvert
23288,Introvert
23289,Introvert
23290,Introvert
23291,Introvert
23292,Extrovert
23293,Introvert
23294,Extrovert
23295,Introvert
23296,Extrovert
23297,Introvert
23298,Introvert
23299,Extrovert
23300,Extrovert
23301,Introvert
23302,Introvert
23303,Introvert
23304,Introvert
23305,Extrovert
23306,Introvert
23307,Introvert
23308,Introvert
23309,Extrovert
23310,Introvert
23311,Introvert
23312,Introvert
23313,Introvert
23314,Extrovert
23315,Introvert
23316,Extrovert
23317,Introvert
23318,Introvert
23319,Introvert
23320,Introvert
23321,Introvert
23322,Introvert
23323,Extrovert
23324,Introvert
23325,Introvert
23326,Introvert
23327,Introvert
23328,Extrovert
23329,Extrovert
23330,Introvert
23331,Introvert
23332,Introvert
23333,Introvert
23334,Extrovert
23335,Introvert
23336,Introvert
23337,Introvert
23338,Introvert
23339,Introvert
23340,Introvert
23341,Introvert
23342,Extrovert
23343,Introvert
23344,Introvert
23345,Introvert
23346,Extrovert
23347,Introvert
23348,Introvert
23349,Introvert
23350,Extrovert
23351,Introvert
23352,Extrovert
23353,Introvert
23354,Introvert
23355,Introvert
23356,Extrovert
23357,Introvert
23358,Introvert
23359,Extrovert
23360,Extrovert
23361,Introvert
23362,Introvert
23363,Introvert
23364,Introvert
23365,Introvert
23366,Introvert
23367,Introvert
23368,Introvert
23369,Introvert
23370,Introvert
23371,Introvert
23372,Introvert
23373,Extrovert
23374,Introvert
23375,Introvert
23376,Introvert
23377,Introvert
23378,Introvert
23379,Introvert
23380,Introvert
23381,Introvert
23382,Introvert
23383,Extrovert
23384,Introvert
23385,Introvert
23386,Introvert
23387,Extrovert
23388,Introvert
23389,Extrovert
23390,Introvert
23391,Introvert
23392,Introvert
23393,Introvert
23394,Extrovert
23395,Introvert
23396,Introvert
23397,Introvert
23398,Introvert
23399,Introvert
23400,Introvert
23401,Introvert
23402,Introvert
23403,Introvert
23404,Introvert
23405,Extrovert
23406,Introvert
23407,Introvert
23408,Introvert
23409,Introvert
23410,Extrovert
23411,Extrovert
23412,Introvert
23413,Introvert
23414,Extrovert
23415,Introvert
23416,Extrovert
23417,Introvert
23418,Introvert
23419,Introvert
23420,Introvert
23421,Introvert
23422,Introvert
23423,Extrovert
23424,Extrovert
23425,Introvert
23426,Introvert
23427,Introvert
23428,Introvert
23429,Introvert
23430,Extrovert
23431,Extrovert
23432,Introvert
23433,Introvert
23434,Introvert
23435,Introvert
23436,Introvert
23437,Introvert
23438,Extrovert
23439,Introvert
23440,Introvert
23441,Introvert
23442,Introvert
23443,Introvert
23444,Introvert
23445,Introvert
23446,Introvert
23447,Introvert
23448,Introvert
23449,Introvert
23450,Introvert
23451,Introvert
23452,Introvert
23453,Introvert
23454,Introvert
23455,Introvert
23456,Extrovert
23457,Extrovert
23458,Introvert
23459,Introvert
23460,Introvert
23461,Introvert
23462,Extrovert
23463,Introvert
23464,Introvert
23465,Extrovert
23466,Introvert
23467,Introvert
23468,Extrovert
23469,Extrovert
23470,Extrovert
23471,Introvert
23472,Introvert
23473,Introvert
23474,Introvert
23475,Introvert
23476,Introvert
23477,Extrovert
23478,Introvert
23479,Extrovert
23480,Introvert
23481,Introvert
23482,Introvert
23483,Introvert
23484,Extrovert
23485,Introvert
23486,Introvert
23487,Introvert
23488,Introvert
23489,Introvert
23490,Introvert
23491,Extrovert
23492,Introvert
23493,Extrovert
23494,Introvert
23495,Introvert
23496,Introvert
23497,Extrovert
23498,Introvert
23499,Extrovert
23500,Introvert
23501,Introvert
23502,Extrovert
23503,Introvert
23504,Extrovert
23505,Introvert
23506,Introvert
23507,Introvert
23508,Introvert
23509,Extrovert
23510,Introvert
23511,Introvert
23512,Extrovert
23513,Extrovert
23514,Introvert
23515,Introvert
23516,Introvert
23517,Extrovert
23518,Extrovert
23519,Introvert
23520,Introvert
23521,Introvert
23522,Introvert
23523,Introvert
23524,Introvert
23525,Extrovert
23526,Introvert
23527,Introvert
23528,Introvert
23529,Extrovert
23530,Introvert
23531,Extrovert
23532,Introvert
23533,Introvert
23534,Introvert
23535,Introvert
23536,Introvert
23537,Introvert
23538,Introvert
23539,Introvert
23540,Introvert
23541,Extrovert
23542,Extrovert
23543,Introvert
23544,Introvert
23545,Introvert
23546,Introvert
23547,Introvert
23548,Extrovert
23549,Introvert
23550,Introvert
23551,Introvert
23552,Extrovert
23553,Introvert
23554,Introvert
23555,Introvert
23556,Introvert
23557,Introvert
23558,Extrovert
23559,Extrovert
23560,Extrovert
23561,Introvert
23562,Introvert
23563,Extrovert
23564,Introvert
23565,Introvert
23566,Introvert
23567,Introvert
23568,Extrovert
23569,Introvert
23570,Introvert
23571,Introvert
23572,Extrovert
23573,Extrovert
23574,Extrovert
23575,Extrovert
23576,Introvert
23577,Introvert
23578,Introvert
23579,Introvert
23580,Extrovert
23581,Introvert
23582,Introvert
23583,Introvert
23584,Introvert
23585,Introvert
23586,Extrovert
23587,Extrovert
23588,Introvert
23589,Extrovert
23590,Introvert
23591,Extrovert
23592,Introvert
23593,Introvert
23594,Introvert
23595,Introvert
23596,Extrovert
23597,Introvert
23598,Introvert
23599,Introvert
23600,Introvert
23601,Introvert
23602,Introvert
23603,Introvert
23604,Introvert
23605,Extrovert
23606,Introvert
23607,Introvert
23608,Introvert
23609,Introvert
23610,Introvert
23611,Introvert
23612,Introvert
23613,Introvert
23614,Introvert
23615,Extrovert
23616,Introvert
23617,Introvert
23618,Extrovert
23619,Extrovert
23620,Introvert
23621,Extrovert
23622,Introvert
23623,Introvert
23624,Introvert
23625,Introvert
23626,Introvert
23627,Introvert
23628,Extrovert
23629,Introvert
23630,Introvert
23631,Extrovert
23632,Introvert
23633,Introvert
23634,Extrovert
23635,Introvert
23636,Extrovert
23637,Extrovert
23638,Introvert
23639,Introvert
23640,Introvert
23641,Introvert
23642,Introvert
23643,Extrovert
23644,Extrovert
23645,Introvert
23646,Introvert
23647,Introvert
23648,Introvert
23649,Introvert
23650,Introvert
23651,Introvert
23652,Introvert
23653,Introvert
23654,Extrovert
23655,Extrovert
23656,Extrovert
23657,Introvert
23658,Introvert
23659,Introvert
23660,Extrovert
23661,Introvert
23662,Extrovert
23663,Introvert
23664,Introvert
23665,Introvert
23666,Extrovert
23667,Introvert
23668,Extrovert
23669,Introvert
23670,Introvert
23671,Extrovert
23672,Extrovert
23673,Extrovert
23674,Introvert
23675,Introvert
23676,Introvert
23677,Extrovert
23678,Introvert
23679,Introvert
23680,Introvert
23681,Introvert
23682,Extrovert
23683,Introvert
23684,Introvert
23685,Introvert
23686,Introvert
23687,Introvert
23688,Extrovert
23689,Introvert
23690,Introvert
23691,Extrovert
23692,Introvert
23693,Extrovert
23694,Extrovert
23695,Introvert
23696,Extrovert
23697,Extrovert
23698,Extrovert
23699,Introvert
23700,Introvert
23701,Extrovert
23702,Introvert
23703,Extrovert
23704,Extrovert
23705,Introvert
23706,Introvert
23707,Introvert
23708,Extrovert
23709,Introvert
23710,Extrovert
23711,Introvert
23712,Extrovert
23713,Introvert
23714,Extrovert
23715,Extrovert
23716,Introvert
23717,Introvert
23718,Extrovert
23719,Introvert
23720,Introvert
23721,Introvert
23722,Introvert
23723,Introvert
23724,Introvert
23725,Introvert
23726,Introvert
23727,Introvert
23728,Introvert
23729,Introvert
23730,Introvert
23731,Introvert
23732,Introvert
23733,Introvert
23734,Extrovert
23735,Introvert
23736,Introvert
23737,Introvert
23738,Extrovert
23739,Introvert
23740,Extrovert
23741,Extrovert
23742,Introvert
23743,Extrovert
23744,Introvert
23745,Introvert
23746,Introvert
23747,Introvert
23748,Introvert
23749,Introvert
23750,Introvert
23751,Introvert
23752,Introvert
23753,Introvert
23754,Introvert
23755,Introvert
23756,Introvert
23757,Introvert
23758,Introvert
23759,Introvert
23760,Extrovert
23761,Introvert
23762,Introvert
23763,Introvert
23764,Introvert
23765,Introvert
23766,Introvert
23767,Introvert
23768,Extrovert
23769,Introvert
23770,Extrovert
23771,Introvert
23772,Introvert
23773,Introvert
23774,Introvert
23775,Introvert
23776,Introvert
23777,Introvert
23778,Extrovert
23779,Introvert
23780,Extrovert
23781,Extrovert
23782,Introvert
23783,Introvert
23784,Introvert
23785,Introvert
23786,Introvert
23787,Introvert
23788,Introvert
23789,Introvert
23790,Introvert
23791,Introvert
23792,Introvert
23793,Introvert
23794,Introvert
23795,Introvert
23796,Introvert
23797,Introvert
23798,Introvert
23799,Extrovert
23800,Introvert
23801,Extrovert
23802,Extrovert
23803,Introvert
23804,Introvert
23805,Introvert
23806,Introvert
23807,Extrovert
23808,Introvert
23809,Introvert
23810,Extrovert
23811,Introvert
23812,Introvert
23813,Extrovert
23814,Introvert
23815,Introvert
23816,Introvert
23817,Introvert
23818,Extrovert
23819,Introvert
23820,Introvert
23821,Introvert
23822,Introvert
23823,Introvert
23824,Introvert
23825,Introvert
23826,Introvert
23827,Introvert
23828,Introvert
23829,Extrovert
23830,Introvert
23831,Extrovert
23832,Extrovert
23833,Introvert
23834,Introvert
23835,Introvert
23836,Introvert
23837,Extrovert
23838,Introvert
23839,Introvert
23840,Introvert
23841,Extrovert
23842,Extrovert
23843,Extrovert
23844,Introvert
23845,Introvert
23846,Extrovert
23847,Introvert
23848,Introvert
23849,Introvert
23850,Introvert
23851,Introvert
23852,Introvert
23853,Introvert
23854,Extrovert
23855,Introvert
23856,Extrovert
23857,Extrovert
23858,Extrovert
23859,Extrovert
23860,Introvert
23861,Introvert
23862,Extrovert
23863,Introvert
23864,Introvert
23865,Introvert
23866,Introvert
23867,Extrovert
23868,Introvert
23869,Introvert
23870,Extrovert
23871,Extrovert
23872,Introvert
23873,Introvert
23874,Extrovert
23875,Introvert
23876,Introvert
23877,Extrovert
23878,Introvert
23879,Introvert
23880,Introvert
23881,Introvert
23882,Introvert
23883,Introvert
23884,Extrovert
23885,Introvert
23886,Introvert
23887,Introvert
23888,Introvert
23889,Extrovert
23890,Introvert
23891,Introvert
23892,Extrovert
23893,Introvert
23894,Introvert
23895,Introvert
23896,Introvert
23897,Introvert
23898,Extrovert
23899,Extrovert
23900,Introvert
23901,Introvert
23902,Introvert
23903,Introvert
23904,Introvert
23905,Introvert
23906,Introvert
23907,Introvert
23908,Introvert
23909,Introvert
23910,Introvert
23911,Extrovert
23912,Extrovert
23913,Introvert
23914,Introvert
23915,Introvert
23916,Introvert
23917,Extrovert
23918,Extrovert
23919,Introvert
23920,Extrovert
23921,Introvert
23922,Introvert
23923,Introvert
23924,Introvert
23925,Introvert
23926,Introvert
23927,Introvert
23928,Introvert
23929,Introvert
23930,Introvert
23931,Introvert
23932,Introvert
23933,Introvert
23934,Extrovert
23935,Introvert
23936,Introvert
23937,Extrovert
23938,Introvert
23939,Introvert
23940,Extrovert
23941,Extrovert
23942,Introvert
23943,Introvert
23944,Introvert
23945,Introvert
23946,Introvert
23947,Introvert
23948,Introvert
23949,Extrovert
23950,Introvert
23951,Introvert
23952,Introvert
23953,Introvert
23954,Extrovert
23955,Introvert
23956,Introvert
23957,Introvert
23958,Extrovert
23959,Introvert
23960,Introvert
23961,Introvert
23962,Introvert
23963,Extrovert
23964,Introvert
23965,Introvert
23966,Introvert
23967,Introvert
23968,Extrovert
23969,Extrovert
23970,Introvert
23971,Introvert
23972,Introvert
23973,Introvert
23974,Extrovert
23975,Introvert
23976,Introvert
23977,Extrovert
23978,Introvert
23979,Introvert
23980,Introvert
23981,Introvert
23982,Introvert
23983,Introvert
23984,Extrovert
23985,Introvert
23986,Extrovert
23987,Introvert
23988,Introvert
23989,Introvert
23990,Extrovert
23991,Introvert
23992,Introvert
23993,Extrovert
23994,Introvert
23995,Introvert
23996,Extrovert
23997,Introvert
23998,Extrovert
23999,Introvert
24000,Introvert
24001,Introvert
24002,Introvert
24003,Introvert
24004,Introvert
24005,Extrovert
24006,Introvert
24007,Introvert
24008,Introvert
24009,Introvert
24010,Introvert
24011,Introvert
24012,Introvert
24013,Extrovert
24014,Introvert
24015,Introvert
24016,Introvert
24017,Introvert
24018,Extrovert
24019,Introvert
24020,Introvert
24021,Introvert
24022,Extrovert
24023,Introvert
24024,Extrovert
24025,Introvert
24026,Introvert
24027,Extrovert
24028,Extrovert
24029,Introvert
24030,Extrovert
24031,Extrovert
24032,Introvert
24033,Introvert
24034,Introvert
24035,Introvert
24036,Introvert
24037,Introvert
24038,Introvert
24039,Introvert
24040,Extrovert
24041,Introvert
24042,Introvert
24043,Introvert
24044,Introvert
24045,Introvert
24046,Introvert
24047,Extrovert
24048,Extrovert
24049,Introvert
24050,Introvert
24051,Extrovert
24052,Introvert
24053,Introvert
24054,Extrovert
24055,Extrovert
24056,Introvert
24057,Introvert
24058,Introvert
24059,Introvert
24060,Introvert
24061,Introvert
24062,Introvert
24063,Introvert
24064,Extrovert
24065,Introvert
24066,Introvert
24067,Extrovert
24068,Introvert
24069,Extrovert
24070,Extrovert
24071,Extrovert
24072,Introvert
24073,Extrovert
24074,Extrovert
24075,Introvert
24076,Introvert
24077,Introvert
24078,Introvert
24079,Introvert
24080,Introvert
24081,Extrovert
24082,Introvert
24083,Introvert
24084,Introvert
24085,Introvert
24086,Extrovert
24087,Introvert
24088,Introvert
24089,Introvert
24090,Introvert
24091,Introvert
24092,Extrovert
24093,Introvert
24094,Introvert
24095,Introvert
24096,Introvert
24097,Introvert
24098,Extrovert
24099,Introvert
24100,Introvert
24101,Introvert
24102,Introvert
24103,Introvert
24104,Extrovert
24105,Extrovert
24106,Extrovert
24107,Introvert
24108,Introvert
24109,Introvert
24110,Extrovert
24111,Introvert
24112,Extrovert
24113,Extrovert
24114,Introvert
24115,Introvert
24116,Introvert
24117,Introvert
24118,Extrovert
24119,Extrovert
24120,Introvert
24121,Extrovert
24122,Introvert
24123,Introvert
24124,Introvert
24125,Introvert
24126,Introvert
24127,Introvert
24128,Introvert
24129,Extrovert
24130,Introvert
24131,Introvert
24132,Extrovert
24133,Introvert
24134,Introvert
24135,Extrovert
24136,Introvert
24137,Extrovert
24138,Introvert
24139,Introvert
24140,Introvert
24141,Extrovert
24142,Extrovert
24143,Introvert
24144,Introvert
24145,Introvert
24146,Introvert
24147,Introvert
24148,Introvert
24149,Introvert
24150,Introvert
24151,Introvert
24152,Introvert
24153,Introvert
24154,Extrovert
24155,Introvert
24156,Introvert
24157,Extrovert
24158,Introvert
24159,Introvert
24160,Extrovert
24161,Introvert
24162,Introvert
24163,Extrovert
24164,Introvert
24165,Introvert
24166,Introvert
24167,Introvert
24168,Introvert
24169,Extrovert
24170,Introvert
24171,Introvert
24172,Extrovert
24173,Introvert
24174,Introvert
24175,Extrovert
24176,Extrovert
24177,Introvert
24178,Introvert
24179,Extrovert
24180,Extrovert
24181,Introvert
24182,Introvert
24183,Introvert
24184,Introvert
24185,Extrovert
24186,Introvert
24187,Extrovert
24188,Extrovert
24189,Introvert
24190,Introvert
24191,Introvert
24192,Introvert
24193,Introvert
24194,Introvert
24195,Introvert
24196,Extrovert
24197,Extrovert
24198,Extrovert
24199,Introvert
24200,Introvert
24201,Introvert
24202,Introvert
24203,Extrovert
24204,Introvert
24205,Introvert
24206,Introvert
24207,Introvert
24208,Introvert
24209,Introvert
24210,Extrovert
24211,Introvert
24212,Introvert
24213,Introvert
24214,Extrovert
24215,Introvert
24216,Introvert
24217,Introvert
24218,Extrovert
24219,Introvert
24220,Extrovert
24221,Introvert
24222,Extrovert
24223,Introvert
24224,Introvert
24225,Introvert
24226,Extrovert
24227,Introvert
24228,Introvert
24229,Introvert
24230,Introvert
24231,Extrovert
24232,Introvert
24233,Introvert
24234,Introvert
24235,Extrovert
24236,Introvert
24237,Introvert
24238,Introvert
24239,Introvert
24240,Introvert
24241,Introvert
24242,Introvert
24243,Introvert
24244,Introvert
24245,Introvert
24246,Introvert
24247,Extrovert
24248,Introvert
24249,Introvert
24250,Introvert
24251,Introvert
24252,Extrovert
24253,Introvert
24254,Extrovert
24255,Introvert
24256,Introvert
24257,Extrovert
24258,Introvert
24259,Introvert
24260,Introvert
24261,Introvert
24262,Introvert
24263,Introvert
24264,Introvert
24265,Introvert
24266,Extrovert
24267,Introvert
24268,Introvert
24269,Extrovert
24270,Introvert
24271,Introvert
24272,Extrovert
24273,Introvert
24274,Introvert
24275,Introvert
24276,Introvert
24277,Extrovert
24278,Extrovert
24279,Introvert
24280,Introvert
24281,Introvert
24282,Introvert
24283,Introvert
24284,Introvert
24285,Introvert
24286,Introvert
24287,Introvert
24288,Introvert
24289,Introvert
24290,Extrovert
24291,Introvert
24292,Introvert
24293,Extrovert
24294,Introvert
24295,Introvert
24296,Introvert
24297,Introvert
24298,Introvert
24299,Extrovert
24300,Extrovert
24301,Introvert
24302,Extrovert
24303,Extrovert
24304,Introvert
24305,Introvert
24306,Introvert
24307,Introvert
24308,Introvert
24309,Extrovert
24310,Introvert
24311,Introvert
24312,Introvert
24313,Extrovert
24314,Introvert
24315,Introvert
24316,Introvert
24317,Introvert
24318,Introvert
24319,Introvert
24320,Introvert
24321,Introvert
24322,Extrovert
24323,Introvert
24324,Introvert
24325,Introvert
24326,Introvert
24327,Introvert
24328,Introvert
24329,Introvert
24330,Extrovert
24331,Introvert
24332,Extrovert
24333,Introvert
24334,Extrovert
24335,Introvert
24336,Introvert
24337,Introvert
24338,Introvert
24339,Introvert
24340,Introvert
24341,Introvert
24342,Introvert
24343,Introvert
24344,Extrovert
24345,Extrovert
24346,Introvert
24347,Introvert
24348,Extrovert
24349,Introvert
24350,Introvert
24351,Extrovert
24352,Introvert
24353,Introvert
24354,Introvert
24355,Introvert
24356,Introvert
24357,Introvert
24358,Extrovert
24359,Introvert
24360,Introvert
24361,Introvert
24362,Introvert
24363,Introvert
24364,Introvert
24365,Extrovert
24366,Extrovert
24367,Introvert
24368,Extrovert
24369,Introvert
24370,Extrovert
24371,Introvert
24372,Introvert
24373,Introvert
24374,Introvert
24375,Introvert
24376,Introvert
24377,Introvert
24378,Introvert
24379,Introvert
24380,Extrovert
24381,Extrovert
24382,Introvert
24383,Introvert
24384,Introvert
24385,Introvert
24386,Extrovert
24387,Extrovert
24388,Extrovert
24389,Introvert
24390,Introvert
24391,Extrovert
24392,Extrovert
24393,Extrovert
24394,Introvert
24395,Extrovert
24396,Introvert
24397,Introvert
24398,Introvert
24399,Introvert
24400,Introvert
24401,Introvert
24402,Introvert
24403,Introvert
24404,Introvert
24405,Introvert
24406,Introvert
24407,Introvert
24408,Extrovert
24409,Introvert
24410,Introvert
24411,Introvert
24412,Extrovert
24413,Introvert
24414,Extrovert
24415,Introvert
24416,Introvert
24417,Introvert
24418,Introvert
24419,Introvert
24420,Introvert
24421,Extrovert
24422,Extrovert
24423,Introvert
24424,Introvert
24425,Introvert
24426,Introvert
24427,Introvert
24428,Extrovert
24429,Introvert
24430,Introvert
24431,Extrovert
24432,Extrovert
24433,Introvert
24434,Introvert
24435,Introvert
24436,Extrovert
24437,Introvert
24438,Introvert
24439,Introvert
24440,Introvert
24441,Introvert
24442,Introvert
24443,Introvert
24444,Introvert
24445,Introvert
24446,Introvert
24447,Introvert
24448,Introvert
24449,Introvert
24450,Introvert
24451,Introvert
24452,Introvert
24453,Extrovert
24454,Introvert
24455,Extrovert
24456,Extrovert
24457,Extrovert
24458,Introvert
24459,Introvert
24460,Extrovert
24461,Introvert
24462,Introvert
24463,Introvert
24464,Introvert
24465,Introvert
24466,Introvert
24467,Extrovert
24468,Extrovert
24469,Introvert
24470,Introvert
24471,Introvert
24472,Extrovert
24473,Introvert
24474,Introvert
24475,Extrovert
24476,Introvert
24477,Introvert
24478,Introvert
24479,Introvert
24480,Introvert
24481,Extrovert
24482,Introvert
24483,Introvert
24484,Introvert
24485,Introvert
24486,Introvert
24487,Introvert
24488,Introvert
24489,Extrovert
24490,Introvert
24491,Introvert
24492,Introvert
24493,Extrovert
24494,Introvert
24495,Introvert
24496,Extrovert
24497,Extrovert
24498,Extrovert
24499,Introvert
24500,Introvert
24501,Introvert
24502,Introvert
24503,Introvert
24504,Extrovert
24505,Introvert
24506,Introvert
24507,Extrovert
24508,Introvert
24509,Introvert
24510,Introvert
24511,Introvert
24512,Introvert
24513,Introvert
24514,Introvert
24515,Introvert
24516,Introvert
24517,Introvert
24518,Introvert
24519,Introvert
24520,Introvert
24521,Introvert
24522,Extrovert
24523,Introvert
24524,Introvert
24525,Extrovert
24526,Introvert
24527,Extrovert
24528,Extrovert
24529,Introvert
24530,Extrovert
24531,Introvert
24532,Introvert
24533,Extrovert
24534,Introvert
24535,Extrovert
24536,Extrovert
24537,Extrovert
24538,Introvert
24539,Introvert
24540,Introvert
24541,Introvert
24542,Introvert
24543,Introvert
24544,Introvert
24545,Introvert
24546,Introvert
24547,Extrovert
24548,Extrovert
24549,Introvert
24550,Extrovert
24551,Introvert
24552,Extrovert
24553,Introvert
24554,Introvert
24555,Introvert
24556,Introvert
24557,Introvert
24558,Introvert
24559,Introvert
24560,Extrovert
24561,Extrovert
24562,Introvert
24563,Introvert
24564,Extrovert
24565,Introvert
24566,Extrovert
24567,Introvert
24568,Introvert
24569,Introvert
24570,Introvert
24571,Introvert
24572,Extrovert
24573,Introvert
24574,Introvert
24575,Introvert
24576,Extrovert
24577,Introvert
24578,Introvert
24579,Introvert
24580,Introvert
24581,Introvert
24582,Extrovert
24583,Introvert
24584,Introvert
24585,Extrovert
24586,Introvert
24587,Extrovert
24588,Introvert
24589,Introvert
24590,Introvert
24591,Introvert
24592,Introvert
24593,Extrovert
24594,Introvert
24595,Extrovert
24596,Introvert
24597,Introvert
24598,Introvert
24599,Introvert
24600,Introvert
24601,Introvert
24602,Introvert
24603,Introvert
24604,Introvert
24605,Introvert
24606,Introvert
24607,Introvert
24608,Introvert
24609,Introvert
24610,Extrovert
24611,Extrovert
24612,Extrovert
24613,Introvert
24614,Introvert
24615,Extrovert
24616,Introvert
24617,Introvert
24618,Introvert
24619,Introvert
24620,Introvert
24621,Extrovert
24622,Introvert
24623,Introvert
24624,Extrovert
24625,Extrovert
24626,Introvert
24627,Introvert
24628,Introvert
24629,Extrovert
24630,Introvert
24631,Introvert
24632,Introvert
24633,Extrovert
24634,Introvert
24635,Introvert
24636,Introvert
24637,Introvert
24638,Introvert
24639,Introvert
24640,Introvert
24641,Introvert
24642,Introvert
24643,Introvert
24644,Introvert
24645,Extrovert
24646,Introvert
24647,Introvert
24648,Introvert
24649,Extrovert
24650,Introvert
24651,Extrovert
24652,Introvert
24653,Introvert
24654,Introvert
24655,Introvert
24656,Introvert
24657,Introvert
24658,Introvert
24659,Introvert
24660,Introvert
24661,Introvert
24662,Introvert
24663,Introvert
24664,Introvert
24665,Introvert
24666,Introvert
24667,Introvert
24668,Extrovert
24669,Extrovert
24670,Introvert
24671,Extrovert
24672,Introvert
24673,Introvert
24674,Introvert
24675,Extrovert
24676,Extrovert
24677,Extrovert
24678,Extrovert
24679,Introvert
24680,Introvert
24681,Introvert
24682,Introvert
24683,Introvert
24684,Introvert
24685,Introvert
24686,Introvert
24687,Introvert
24688,Introvert
24689,Introvert
24690,Introvert
24691,Introvert
24692,Introvert
24693,Introvert
24694,Introvert
24695,Extrovert
24696,Introvert
24697,Introvert
24698,Extrovert